Number of Entries,Tree Height
1,1
2,2
3,2
4,3
5,3
6,3
7,4
8,4
9,4
10,4
11,4
12,4
13,5
14,5
15,5
16,5
17,5
18,5
19,5
20,5
21,5
22,5
23,5
24,5
25,6
26,6
27,6
28,6
29,6
30,6
31,6
32,6
33,6
34,6
35,6
36,6
37,6
38,7
39,7
40,7
41,7
42,7
43,7
44,7
45,7
46,7
47,7
48,7
49,7
50,7
51,7
52,7
53,7
54,7
55,7
56,7
57,7
58,7
59,7
60,7
61,7
62,7
63,7
64,7
65,7
66,7
67,7
68,7
69,7
70,7
71,7
72,7
73,7
74,7
75,7
76,7
77,8
78,8
79,8
80,8
81,8
82,8
83,8
84,8
85,8
86,8
87,8
88,8
89,8
90,8
91,8
92,8
93,8
94,8
95,8
96,8
97,8
98,8
99,8
100,8
101,8
102,8
103,8
104,8
105,8
106,8
107,8
108,8
109,8
110,8
111,8
112,8
113,8
114,8
115,8
116,8
117,8
118,8
119,8
120,8
121,8
122,8
123,8
124,8
125,8
126,8
127,8
128,8
129,8
130,8
131,9
132,9
133,9
134,9
135,9
136,9
137,9
138,9
139,9
140,9
141,9
142,9
143,9
144,9
145,9
146,9
147,9
148,9
149,9
150,9
151,9
152,9
153,9
154,9
155,9
156,9
157,9
158,9
159,9
160,9
161,9
162,9
163,9
164,9
165,9
166,9
167,9
168,9
169,9
170,9
171,9
172,9
173,9
174,9
175,9
176,9
177,9
178,9
179,9
180,9
181,9
182,9
183,9
184,9
185,9
186,9
187,9
188,9
189,9
190,9
191,9
192,9
193,9
194,9
195,9
196,9
197,9
198,9
199,9
200,9
201,9
202,9
203,9
204,9
205,9
206,9
207,9
208,9
209,9
210,9
211,9
212,9
213,9
214,9
215,9
216,9
217,10
218,10
219,10
220,10
221,10
222,10
223,10
224,10
225,10
226,10
227,10
228,10
229,10
230,10
231,10
232,10
233,10
234,10
235,10
236,10
237,10
238,10
239,10
240,10
240,10
241,10
242,10
243,10
244,10
245,10
246,10
247,10
248,10
249,10
250,10
251,10
252,10
253,10
254,10
255,10
256,10
257,10
258,10
259,10
260,10
261,10
262,10
263,10
264,10
265,10
266,10
267,10
268,10
269,10
270,10
271,10
272,10
273,10
274,10
275,10
276,10
277,10
278,10
279,10
280,10
281,10
282,10
283,10
284,10
285,10
286,10
287,10
288,10
289,10
290,10
291,10
292,10
293,10
294,10
295,10
296,10
297,10
298,10
299,10
300,10
301,10
302,10
303,10
304,10
305,10
306,10
307,10
308,10
309,10
310,10
311,10
312,10
313,10
314,10
315,10
316,10
317,10
318,10
319,10
320,10
321,10
322,10
323,10
324,10
325,10
325,10
326,10
327,10
328,10
329,10
330,10
331,10
332,10
333,10
334,10
335,10
336,10
337,10
338,10
339,10
340,10
341,10
342,10
343,10
344,10
345,10
346,10
347,11
347,11
348,11
349,11
350,11
351,11
352,11
353,11
354,11
355,11
356,11
357,11
358,11
359,11
360,11
361,11
361,11
362,11
363,11
364,11
365,11
366,11
367,11
368,11
369,11
370,11
371,11
372,11
373,11
374,11
375,11
376,11
377,11
378,11
379,11
380,11
381,11
382,11
383,11
384,11
385,11
386,11
387,11
388,11
389,11
390,11
390,11
391,11
392,11
393,11
394,11
395,11
396,11
397,11
398,11
399,11
400,11
401,11
402,11
403,11
404,11
405,11
406,11
407,11
408,11
409,11
410,11
411,11
412,11
413,11
414,11
415,11
416,11
417,11
418,11
419,11
420,11
421,11
422,11
423,11
424,11
425,11
426,11
427,11
428,11
429,11
430,11
431,11
432,11
433,11
434,11
435,11
436,11
437,11
438,11
439,11
440,11
441,11
442,11
443,11
444,11
445,11
446,11
447,11
448,11
449,11
450,11
451,11
452,11
453,11
454,11
455,11
456,11
457,11
458,11
459,11
460,11
461,11
462,11
463,11
464,11
465,11
466,11
467,11
468,11
469,11
470,11
471,11
471,11
472,11
473,11
474,11
475,11
476,11
477,11
478,11
479,11
480,11
481,11
482,11
482,11
483,11
484,11
485,11
486,11
487,11
488,11
489,11
490,11
491,11
492,11
493,11
494,11
494,11
495,11
496,11
497,11
498,11
498,11
499,11
500,11
501,11
502,11
503,11
503,11
504,11
505,11
506,11
507,11
508,11
509,11
510,11
511,11
512,11
513,11
514,11
515,11
516,11
517,11
518,11
519,11
520,11
521,11
522,11
523,11
523,11
524,11
525,11
526,11
527,11
528,11
529,11
530,11
531,11
532,11
533,11
534,11
535,11
535,11
536,11
537,11
538,11
539,11
540,11
541,11
542,11
543,11
544,11
545,11
546,11
547,11
548,11
549,11
550,11
551,11
552,11
553,11
554,11
555,11
556,11
557,11
558,11
559,11
560,11
561,11
562,11
563,11
564,11
565,11
566,11
567,11
568,11
569,11
570,11
571,11
572,11
573,11
574,11
575,11
576,11
577,11
578,11
579,11
580,11
581,11
582,11
583,11
584,11
585,11
586,11
587,11
588,11
589,11
590,11
591,11
592,11
593,11
594,11
594,11
595,11
596,11
597,11
597,11
598,11
599,11
600,11
601,11
602,11
603,11
604,11
605,11
606,11
607,11
608,11
609,11
610,11
611,11
612,11
613,11
614,11
615,11
616,11
617,11
617,11
618,11
619,11
619,11
620,11
621,11
622,11
623,11
623,11
624,11
625,11
626,11
627,11
628,11
629,11
629,11
630,11
630,11
631,11
632,11
633,11
634,11
635,11
636,11
637,11
637,11
638,11
639,11
640,11
641,11
642,11
643,11
644,11
645,11
646,11
647,11
648,11
649,11
650,11
651,11
652,11
653,11
654,11
654,11
655,11
656,11
657,11
658,11
659,11
660,11
661,11
662,11
663,11
664,11
665,11
666,11
667,11
668,11
669,11
669,11
670,11
670,11
671,11
672,11
673,11
674,11
675,11
676,11
677,11
678,11
679,11
680,11
681,11
682,11
683,11
684,11
685,11
686,11
687,11
688,11
689,11
690,11
690,11
691,11
691,11
692,11
693,11
694,11
695,11
696,11
697,11
697,11
698,11
699,11
700,11
701,11
702,11
703,11
704,11
705,11
706,11
707,11
708,11
709,11
710,11
711,11
712,11
713,11
714,11
715,11
716,11
717,11
718,11
719,11
720,11
721,11
722,11
723,11
724,11
725,11
726,11
727,11
728,11
729,11
730,11
731,11
732,11
733,11
734,11
735,11
736,11
736,11
737,11
738,11
738,11
739,11
740,11
741,12
742,12
743,12
744,12
745,12
746,12
747,12
748,12
749,12
749,12
750,12
751,12
752,12
753,12
754,12
755,12
755,12
756,12
757,12
758,12
759,12
760,12
761,12
762,12
763,12
764,12
765,12
766,12
767,12
768,12
769,12
770,12
770,12
771,12
772,12
773,12
774,12
775,12
775,12
776,12
777,12
778,12
779,12
780,12
781,12
782,12
783,12
784,12
785,12
786,12
786,12
786,12
787,12
788,12
789,12
790,12
791,12
792,12
793,12
794,12
795,12
795,12
796,12
797,12
798,12
799,12
800,12
801,12
802,12
803,12
804,12
805,12
806,12
807,12
808,12
809,12
810,12
811,12
812,12
812,12
813,12
814,12
815,12
816,12
817,12
818,12
818,12
818,12
819,12
820,12
820,12
821,12
821,12
822,12
823,12
824,12
824,12
825,12
826,12
827,12
828,12
829,12
830,12
831,12
832,12
833,12
833,12
833,12
834,12
835,12
836,12
837,12
837,12
837,12
838,12
839,12
840,12
841,12
841,12
842,12
843,12
844,12
845,12
846,12
847,12
848,12
849,12
850,12
851,12
852,12
853,12
854,12
854,12
855,12
856,12
857,12
858,12
859,12
860,12
861,12
862,12
863,12
864,12
865,12
866,12
867,12
868,12
869,12
870,12
870,12
871,12
872,12
873,12
874,12
875,12
875,12
876,12
877,12
878,12
879,12
880,12
880,12
881,12
881,12
882,12
883,12
884,12
885,12
886,12
887,12
888,12
889,12
890,12
891,12
892,12
893,12
894,12
895,12
896,12
896,12
897,12
898,12
899,12
900,12
900,12
901,12
902,12
903,12
904,12
905,12
905,12
906,12
907,12
908,12
909,12
910,12
911,12
912,12
912,12
913,12
914,12
915,12
916,12
917,12
918,12
919,12
920,12
921,12
922,12
923,12
924,12
925,12
926,12
927,12
928,12
929,12
930,12
931,12
932,12
933,12
934,12
935,12
936,12
937,12
938,12
939,12
940,12
941,12
942,12
943,12
944,12
945,12
946,12
947,12
948,12
949,12
950,12
951,12
952,12
953,12
954,12
954,12
955,12
956,12
957,12
957,12
958,12
959,12
960,12
960,12
961,12
962,12
963,12
963,12
964,12
965,12
966,12
967,12
968,12
969,12
970,12
971,12
972,12
973,12
974,12
975,12
976,12
977,12
978,12
978,12
979,12
980,12
981,12
982,12
983,12
984,12
985,12
986,12
987,12
988,12
989,12
990,12
991,12
992,12
993,12
994,12
995,12
996,12
997,12
998,12
999,12
1000,12
1001,12
1002,12
1003,12
1004,12
1005,12
1006,12
1007,12
1008,12
1009,12
1010,12
1011,12
1012,12
1013,12
1014,12
1015,12
1016,12
1017,12
1018,12
1019,12
1020,12
1020,12
1021,12
1022,12
1023,12
1023,12
1024,12
1025,12
1026,12
1027,12
1028,12
1029,12
1030,12
1031,12
1032,12
1033,12
1034,12
1035,12
1036,12
1037,12
1038,12
1039,12
1040,12
1041,12
1042,12
1043,12
1043,12
1044,12
1045,12
1046,12
1047,12
1048,12
1049,12
1050,12
1050,12
1050,12
1050,12
1051,12
1052,12
1053,12
1054,12
1055,12
1056,12
1057,12
1057,12
1058,12
1059,12
1060,12
1061,12
1061,12
1061,12
1062,12
1063,12
1063,12
1064,12
1065,12
1066,12
1066,12
1067,12
1068,12
1069,12
1070,12
1071,12
1072,12
1073,12
1074,12
1075,12
1076,12
1077,12
1078,12
1079,12
1080,12
1081,12
1082,12
1083,12
1083,12
1083,12
1084,12
1085,12
1086,12
1087,12
1088,12
1089,12
1090,12
1090,12
1091,12
1092,12
1093,12
1094,12
1095,12
1096,12
1097,12
1098,12
1099,12
1100,12
1101,12
1102,12
1103,12
1103,12
1103,12
1104,12
1105,12
1106,12
1107,12
1108,12
1109,12
1110,12
1111,12
1112,12
1113,12
1114,12
1115,12
1116,12
1117,12
1118,12
1119,12
1120,12
1121,12
1122,12
1122,12
1123,12
1124,12
1125,12
1126,12
1127,12
1128,12
1129,12
1130,12
1131,12
1132,12
1133,12
1133,12
1134,12
1135,12
1136,12
1137,12
1137,12
1138,12
1139,12
1139,12
1140,12
1141,12
1142,12
1143,12
1144,12
1145,12
1146,12
1147,12
1148,12
1149,12
1150,12
1151,12
1152,12
1153,12
1154,12
1155,12
1156,12
1157,12
1157,12
1158,12
1158,12
1159,12
1160,12
1161,12
1162,12
1163,12
1164,12
1164,12
1165,12
1166,12
1166,12
1167,12
1168,12
1169,12
1170,12
1171,12
1172,12
1173,12
1174,12
1175,12
1176,12
1177,12
1178,12
1178,12
1179,12
1180,12
1181,12
1182,12
1183,12
1184,12
1185,12
1185,12
1186,12
1187,12
1188,12
1189,12
1190,12
1191,12
1192,12
1193,12
1194,12
1195,12
1196,12
1197,12
1198,12
1199,12
1200,12
1200,12
1201,12
1201,12
1202,12
1203,12
1204,12
1205,12
1206,12
1207,12
1208,12
1209,12
1210,12
1211,12
1212,12
1213,12
1214,12
1215,12
1216,12
1217,12
1218,12
1219,12
1220,12
1221,12
1221,12
1221,12
1222,12
1223,12
1224,12
1225,12
1226,12
1227,12
1228,12
1229,12
1230,12
1230,12
1231,12
1232,12
1233,12
1234,12
1235,12
1236,12
1237,12
1237,12
1238,12
1239,12
1240,12
1241,12
1242,12
1243,12
1243,12
1244,12
1244,12
1244,12
1245,12
1246,12
1247,12
1248,12
1249,12
1250,12
1251,12
1252,12
1253,12
1254,12
1255,12
1255,12
1256,12
1257,12
1258,12
1259,12
1260,12
1261,12
1262,12
1263,12
1264,12
1265,12
1266,12
1267,12
1268,12
1269,12
1270,12
1271,12
1272,12
1273,12
1274,12
1275,12
1276,13
1276,13
1277,13
1278,13
1278,13
1279,13
1280,13
1281,13
1282,13
1283,13
1284,13
1284,13
1285,13
1286,13
1287,13
1288,13
1289,13
1290,13
1291,13
1292,13
1293,13
1294,13
1295,13
1295,13
1296,13
1297,13
1298,13
1299,13
1299,13
1300,13
1301,13
1301,13
1302,13
1302,13
1303,13
1304,13
1305,13
1306,13
1307,13
1308,13
1309,13
1310,13
1311,13
1312,13
1313,13
1314,13
1315,13
1315,13
1316,13
1317,13
1318,13
1319,13
1320,13
1321,13
1322,13
1323,13
1323,13
1324,13
1324,13
1324,13
1325,13
1326,13
1327,13
1328,13
1328,13
1329,13
1330,13
1331,13
1332,13
1333,13
1334,13
1335,13
1336,13
1337,13
1338,13
1339,13
1340,13
1341,13
1342,13
1343,13
1344,13
1345,13
1345,13
1345,13
1346,13
1347,13
1348,13
1349,13
1350,13
1351,13
1352,13
1353,13
1353,13
1354,13
1355,13
1356,13
1356,13
1357,13
1358,13
1358,13
1359,13
1360,13
1361,13
1362,13
1363,13
1364,13
1365,13
1366,13
1367,13
1368,13
1369,13
1370,13
1371,13
1372,13
1373,13
1374,13
1375,13
1376,13
1377,13
1378,13
1379,13
1380,13
1381,13
1382,13
1383,13
1384,13
1385,13
1386,13
1387,13
1388,13
1389,13
1390,13
1391,13
1392,13
1393,13
1394,13
1395,13
1396,13
1397,13
1398,13
1399,13
1399,13
1400,13
1401,13
1401,13
1402,13
1403,13
1403,13
1404,13
1405,13
1405,13
1405,13
1406,13
1406,13
1407,13
1408,13
1409,13
1410,13
1411,13
1411,13
1412,13
1412,13
1413,13
1414,13
1415,13
1416,13
1417,13
1418,13
1419,13
1420,13
1421,13
1422,13
1423,13
1424,13
1424,13
1425,13
1426,13
1427,13
1428,13
1429,13
1430,13
1431,13
1432,13
1433,13
1434,13
1435,13
1436,13
1437,13
1437,13
1438,13
1439,13
1440,13
1441,13
1441,13
1442,13
1443,13
1444,13
1445,13
1446,13
1447,13
1448,13
1449,13
1450,13
1450,13
1451,13
1451,13
1452,13
1453,13
1454,13
1455,13
1456,13
1456,13
1456,13
1457,13
1458,13
1459,13
1459,13
1460,13
1461,13
1462,13
1463,13
1464,13
1465,13
1466,13
1466,13
1467,13
1468,13
1469,13
1470,13
1471,13
1472,13
1473,13
1474,13
1475,13
1476,13
1477,13
1478,13
1479,13
1480,13
1481,13
1481,13
1482,13
1483,13
1483,13
1484,13
1485,13
1485,13
1486,13
1487,13
1488,13
1489,13
1490,13
1491,13
1492,13
1493,13
1494,13
1495,13
1496,13
1497,13
1498,13
1499,13
1500,13
1501,13
1502,13
1503,13
1504,13
1505,13
1506,13
1507,13
1508,13
1509,13
1509,13
1509,13
1510,13
1510,13
1511,13
1511,13
1512,13
1513,13
1514,13
1515,13
1516,13
1517,13
1518,13
1519,13
1520,13
1521,13
1522,13
1523,13
1524,13
1525,13
1526,13
1527,13
1528,13
1529,13
1530,13
1531,13
1532,13
1533,13
1534,13
1534,13
1535,13
1536,13
1537,13
1538,13
1538,13
1538,13
1539,13
1540,13
1540,13
1541,13
1542,13
1543,13
1544,13
1545,13
1546,13
1546,13
1547,13
1548,13
1548,13
1549,13
1550,13
1551,13
1552,13
1553,13
1554,13
1555,13
1556,13
1556,13
1557,13
1557,13
1558,13
1559,13
1560,13
1560,13
1561,13
1562,13
1563,13
1564,13
1565,13
1566,13
1567,13
1567,13
1568,13
1569,13
1570,13
1571,13
1571,13
1572,13
1573,13
1574,13
1574,13
1574,13
1575,13
1576,13
1577,13
1578,13
1579,13
1579,13
1580,13
1580,13
1581,13
1581,13
1582,13
1583,13
1584,13
1585,13
1586,13
1587,13
1588,13
1589,13
1590,13
1591,13
1592,13
1593,13
1594,13
1595,13
1596,13
1597,13
1598,13
1599,13
1600,13
1601,13
1602,13
1602,13
1603,13
1603,13
1603,13
1603,13
1603,13
1604,13
1605,13
1606,13
1607,13
1608,13
1609,13
1610,13
1611,13
1611,13
1612,13
1613,13
1614,13
1615,13
1616,13
1617,13
1618,13
1619,13
1620,13
1621,13
1622,13
1623,13
1624,13
1625,13
1626,13
1627,13
1628,13
1629,13
1629,13
1630,13
1630,13
1631,13
1632,13
1633,13
1633,13
1634,13
1635,13
1636,13
1637,13
1637,13
1638,13
1639,13
1640,13
1641,13
1642,13
1643,13
1644,13
1645,13
1646,13
1647,13
1647,13
1647,13
1648,13
1648,13
1649,13
1650,13
1651,13
1652,13
1653,13
1654,13
1655,13
1656,13
1657,13
1658,13
1659,13
1660,13
1661,13
1662,13
1663,13
1664,13
1665,13
1666,13
1666,13
1667,13
1668,13
1669,13
1670,13
1671,13
1672,13
1673,13
1673,13
1674,13
1675,13
1675,13
1675,13
1675,13
1676,13
1677,13
1678,13
1678,13
1679,13
1680,13
1681,13
1682,13
1683,13
1684,13
1685,13
1686,13
1687,13
1688,13
1689,13
1690,13
1691,13
1692,13
1693,13
1694,13
1695,13
1696,13
1697,13
1698,13
1699,13
1700,13
1701,13
1701,13
1702,13
1703,13
1704,13
1705,13
1706,13
1707,13
1708,13
1709,13
1710,13
1711,13
1712,13
1713,13
1714,13
1715,13
1715,13
1716,13
1717,13
1718,13
1719,13
1720,13
1721,13
1721,13
1722,13
1722,13
1723,13
1724,13
1725,13
1725,13
1726,13
1727,13
1728,13
1728,13
1729,13
1730,13
1731,13
1732,13
1733,13
1734,13
1735,13
1735,13
1736,13
1737,13
1738,13
1739,13
1739,13
1740,13
1740,13
1741,13
1742,13
1743,13
1744,13
1745,13
1746,13
1747,13
1747,13
1748,13
1749,13
1750,13
1751,13
1752,13
1753,13
1754,13
1754,13
1755,13
1756,13
1757,13
1758,13
1759,13
1760,13
1761,13
1762,13
1762,13
1763,13
1764,13
1765,13
1766,13
1766,13
1767,13
1767,13
1768,13
1768,13
1769,13
1770,13
1770,13
1770,13
1771,13
1772,13
1773,13
1774,13
1774,13
1775,13
1776,13
1777,13
1778,13
1779,13
1780,13
1780,13
1780,13
1781,13
1782,13
1783,13
1784,13
1785,13
1786,13
1787,13
1788,13
1789,13
1790,13
1791,13
1792,13
1793,13
1794,13
1795,13
1796,13
1797,13
1798,13
1799,13
1799,13
1800,13
1801,13
1801,13
1801,13
1802,13
1803,13
1804,13
1805,13
1806,13
1806,13
1807,13
1807,13
1808,13
1809,13
1810,13
1811,13
1812,13
1813,13
1814,13
1815,13
1816,13
1816,13
1817,13
1818,13
1819,13
1820,13
1821,13
1822,13
1823,13
1823,13
1824,13
1825,13
1825,13
1826,13
1826,13
1827,13
1828,13
1829,13
1830,13
1830,13
1831,13
1832,13
1832,13
1833,13
1834,13
1835,13
1836,13
1837,13
1838,13
1839,13
1840,13
1841,13
1841,13
1842,13
1843,13
1844,13
1845,13
1846,13
1847,13
1848,13
1849,13
1850,13
1850,13
1851,13
1851,13
1852,13
1853,13
1854,13
1855,13
1855,13
1856,13
1856,13
1856,13
1857,13
1858,13
1858,13
1859,13
1859,13
1860,13
1861,13
1862,13
1863,13
1863,13
1863,13
1864,13
1865,13
1866,13
1867,13
1867,13
1868,13
1868,13
1869,13
1870,13
1871,13
1871,13
1872,13
1873,13
1873,13
1874,13
1875,13
1875,13
1876,13
1877,13
1877,13
1878,13
1878,13
1879,13
1879,13
1880,13
1881,13
1882,13
1883,13
1884,13
1885,13
1886,13
1886,13
1886,13
1887,13
1888,13
1889,13
1890,13
1891,13
1892,13
1893,13
1894,13
1895,13
1896,13
1897,13
1898,13
1899,13
1900,13
1901,13
1902,13
1903,13
1904,13
1904,13
1905,13
1905,13
1906,13
1907,13
1908,13
1909,13
1910,13
1911,13
1912,13
1912,13
1913,13
1914,13
1915,13
1915,13
1915,13
1916,13
1917,13
1917,13
1918,13
1918,13
1918,13
1919,13
1920,13
1920,13
1921,13
1921,13
1922,13
1923,13
1923,13
1924,13
1925,13
1926,13
1927,13
1928,13
1929,13
1929,13
1929,13
1930,13
1931,13
1932,13
1932,13
1932,13
1933,13
1933,13
1934,13
1935,13
1936,13
1937,13
1938,13
1938,13
1938,13
1939,13
1940,13
1941,13
1942,13
1943,13
1943,13
1944,13
1944,13
1944,13
1945,13
1946,13
1947,13
1948,13
1948,13
1949,13
1950,13
1951,13
1952,13
1953,13
1954,13
1955,13
1956,13
1957,13
1958,13
1959,13
1960,13
1961,13
1962,13
1963,13
1964,13
1965,13
1966,13
1967,13
1967,13
1967,13
1967,13
1968,13
1969,13
1970,13
1971,13
1972,13
1973,13
1974,13
1975,13
1976,13
1977,13
1978,13
1979,13
1980,13
1981,13
1982,13
1982,13
1983,13
1984,13
1985,13
1986,13
1986,13
1986,13
1986,13
1987,13
1987,13
1988,13
1989,13
1990,13
1990,13
1991,13
1992,13
1993,13
1994,13
1995,13
1996,13
1996,13
1997,13
1998,13
1999,13
2000,13
2001,13
2002,13
2003,13
2004,13
2005,13
2005,13
2006,13
2007,13
2008,13
2009,13
2009,13
2010,13
2011,13
2012,13
2013,13
2014,13
2015,13
2016,13
2017,13
2018,13
2018,13
2019,13
2019,13
2020,13
2020,13
2021,13
2022,13
2022,13
2023,13
2023,13
2024,13
2025,13
2025,13
2026,13
2027,13
2028,13
2029,13
2030,13
2031,13
2032,13
2033,13
2034,13
2035,13
2035,13
2036,13
2037,13
2038,13
2039,13
2040,13
2041,13
2042,13
2043,13
2044,13
2045,13
2045,13
2046,13
2047,13
2047,13
2048,13
2049,13
2049,13
2049,13
2050,13
2050,13
2051,13
2051,13
2052,13
2053,13
2053,13
2054,13
2055,13
2056,13
2057,13
2058,13
2058,13
2059,13
2059,13
2060,13
2061,13
2062,13
2063,13
2064,13
2065,13
2066,13
2067,13
2068,13
2069,13
2070,13
2071,13
2071,13
2072,13
2073,13
2074,13
2074,13
2074,13
2075,13
2075,13
2076,13
2077,13
2078,13
2079,13
2080,13
2080,13
2081,13
2082,13
2082,13
2083,13
2084,13
2085,13
2086,13
2087,13
2088,13
2089,13
2090,13
2091,13
2092,13
2093,13
2094,13
2095,13
2095,13
2096,13
2097,13
2098,13
2098,13
2099,13
2100,13
2100,13
2101,13
2102,13
2102,13
2102,13
2103,13
2103,13
2103,13
2104,13
2105,13
2106,13
2107,13
2108,13
2109,13
2109,13
2110,13
2111,13
2112,13
2113,13
2113,13
2114,13
2114,13
2115,13
2116,13
2117,13
2118,13
2118,13
2118,13
2118,13
2118,13
2118,13
2119,13
2119,13
2120,13
2121,13
2122,13
2123,13
2124,13
2125,13
2125,13
2125,13
2126,13
2127,13
2128,13
2129,13
2129,13
2130,13
2131,13
2132,13
2133,13
2134,13
2134,13
2135,13
2135,13
2136,13
2137,13
2137,13
2138,13
2139,13
2140,13
2141,13
2142,13
2143,13
2144,13
2145,13
2146,13
2146,13
2147,13
2148,13
2149,13
2150,13
2151,13
2152,13
2153,13
2154,13
2155,13
2155,13
2156,13
2157,13
2158,13
2159,13
2159,13
2160,13
2161,13
2162,13
2163,13
2164,13
2165,13
2166,13
2167,13
2167,13
2167,13
2168,13
2168,13
2169,13
2170,13
2171,13
2171,13
2172,13
2173,13
2174,13
2175,13
2176,13
2177,13
2178,13
2179,13
2179,13
2179,13
2180,13
2181,13
2181,13
2182,13
2182,13
2183,13
2183,13
2184,13
2185,13
2186,13
2187,13
2188,13
2189,13
2190,13
2191,13
2192,13
2193,13
2194,13
2195,13
2196,13
2197,13
2198,13
2199,13
2200,13
2201,13
2202,13
2203,13
2204,13
2205,13
2206,13
2206,13
2207,13
2207,13
2208,13
2209,13
2210,13
2211,13
2212,13
2212,13
2213,13
2213,13
2214,13
2215,13
2216,13
2217,13
2218,13
2218,13
2219,13
2220,13
2221,13
2221,13
2222,13
2223,13
2224,13
2225,13
2225,13
2226,13
2227,13
2228,13
2229,13
2230,13
2231,13
2232,13
2233,13
2234,13
2235,13
2236,13
2237,13
2237,13
2237,13
2238,13
2239,13
2240,13
2241,13
2242,13
2243,13
2243,13
2243,13
2244,13
2245,13
2245,13
2246,13
2247,13
2248,13
2249,13
2249,13
2250,13
2251,13
2252,13
2252,13
2252,13
2253,13
2254,13
2255,13
2256,13
2256,13
2257,13
2258,13
2258,13
2259,13
2260,13
2261,13
2262,13
2262,13
2263,13
2263,13
2264,13
2265,13
2266,13
2266,13
2267,13
2268,13
2269,13
2270,13
2271,13
2271,13
2272,13
2273,13
2274,13
2275,13
2276,13
2276,13
2277,13
2278,13
2278,13
2279,13
2280,13
2281,13
2282,13
2283,13
2284,13
2285,13
2286,13
2287,13
2288,13
2289,14
2290,14
2291,14
2292,14
2292,14
2293,14
2293,14
2294,14
2295,14
2296,14
2296,14
2296,14
2296,14
2297,14
2298,14
2299,14
2300,14
2300,14
2300,14
2301,14
2302,14
2302,14
2303,14
2304,14
2305,14
2306,14
2307,14
2308,14
2308,14
2309,14
2309,14
2309,14
2309,14
2310,14
2311,14
2312,14
2313,14
2314,14
2315,14
2316,14
2317,14
2318,14
2318,14
2319,14
2320,14
2320,14
2321,14
2321,14
2322,14
2323,14
2323,14
2324,14
2325,14
2326,14
2326,14
2327,14
2328,14
2328,14
2329,14
2330,14
2330,14
2331,14
2332,14
2333,14
2334,14
2334,14
2335,14
2336,14
2337,14
2338,14
2339,14
2340,14
2340,14
2341,14
2342,14
2343,14
2343,14
2344,14
2345,14
2346,14
2347,14
2348,14
2349,14
2350,14
2351,14
2352,14
2352,14
2353,14
2354,14
2354,14
2355,14
2356,14
2357,14
2358,14
2359,14
2360,14
2361,14
2362,14
2363,14
2364,14
2364,14
2364,14
2365,14
2366,14
2366,14
2367,14
2368,14
2368,14
2369,14
2370,14
2371,14
2372,14
2373,14
2374,14
2375,14
2376,14
2376,14
2377,14
2378,14
2379,14
2379,14
2380,14
2381,14
2382,14
2383,14
2384,14
2384,14
2384,14
2385,14
2386,14
2387,14
2388,14
2389,14
2389,14
2390,14
2391,14
2392,14
2393,14
2394,14
2395,14
2396,14
2397,14
2398,14
2399,14
2399,14
2400,14
2401,14
2402,14
2403,14
2404,14
2405,14
2406,14
2407,14
2408,14
2408,14
2409,14
2410,14
2411,14
2412,14
2413,14
2414,14
2415,14
2416,14
2417,14
2418,14
2419,14
2420,14
2421,14
2422,14
2422,14
2423,14
2423,14
2423,14
2424,14
2424,14
2425,14
2425,14
2426,14
2427,14
2427,14
2428,14
2429,14
2430,14
2431,14
2432,14
2432,14
2433,14
2434,14
2435,14
2436,14
2437,14
2437,14
2437,14
2438,14
2439,14
2440,14
2441,14
2441,14
2441,14
2442,14
2442,14
2443,14
2444,14
2445,14
2446,14
2447,14
2448,14
2449,14
2450,14
2451,14
2452,14
2453,14
2454,14
2455,14
2456,14
2456,14
2457,14
2458,14
2459,14
2460,14
2460,14
2461,14
2461,14
2462,14
2463,14
2464,14
2465,14
2466,14
2466,14
2467,14
2467,14
2468,14
2468,14
2468,14
2469,14
2470,14
2471,14
2472,14
2473,14
2474,14
2474,14
2475,14
2476,14
2477,14
2478,14
2479,14
2480,14
2481,14
2482,14
2482,14
2483,14
2484,14
2485,14
2486,14
2487,14
2488,14
2489,14
2490,14
2491,14
2492,14
2492,14
2493,14
2493,14
2493,14
2494,14
2495,14
2495,14
2496,14
2496,14
2497,14
2498,14
2499,14
2500,14
2501,14
2501,14
2502,14
2503,14
2503,14
2503,14
2504,14
2505,14
2506,14
2507,14
2508,14
2509,14
2510,14
2511,14
2511,14
2512,14
2513,14
2514,14
2515,14
2516,14
2517,14
2518,14
2519,14
2520,14
2520,14
2521,14
2522,14
2523,14
2524,14
2524,14
2524,14
2525,14
2525,14
2526,14
2526,14
2526,14
2527,14
2528,14
2529,14
2530,14
2531,14
2531,14
2531,14
2532,14
2533,14
2534,14
2535,14
2536,14
2537,14
2538,14
2539,14
2540,14
2541,14
2542,14
2542,14
2543,14
2544,14
2545,14
2546,14
2546,14
2547,14
2548,14
2548,14
2549,14
2549,14
2550,14
2551,14
2552,14
2553,14
2554,14
2554,14
2554,14
2555,14
2555,14
2556,14
2557,14
2557,14
2557,14
2558,14
2559,14
2560,14
2561,14
2562,14
2563,14
2564,14
2565,14
2566,14
2566,14
2567,14
2568,14
2568,14
2568,14
2569,14
2570,14
2571,14
2572,14
2573,14
2574,14
2575,14
2575,14
2576,14
2577,14
2578,14
2579,14
2580,14
2580,14
2581,14
2582,14
2583,14
2584,14
2584,14
2585,14
2585,14
2586,14
2587,14
2588,14
2589,14
2589,14
2590,14
2591,14
2592,14
2593,14
2594,14
2595,14
2596,14
2596,14
2597,14
2598,14
2599,14
2600,14
2601,14
2602,14
2603,14
2604,14
2604,14
2605,14
2606,14
2607,14
2607,14
2608,14
2608,14
2609,14
2610,14
2610,14
2611,14
2611,14
2612,14
2613,14
2614,14
2615,14
2616,14
2617,14
2618,14
2619,14
2620,14
2621,14
2622,14
2622,14
2623,14
2624,14
2624,14
2624,14
2625,14
2626,14
2627,14
2628,14
2628,14
2629,14
2630,14
2631,14
2631,14
2632,14
2633,14
2633,14
2634,14
2635,14
2636,14
2637,14
2637,14
2638,14
2639,14
2640,14
2640,14
2641,14
2642,14
2642,14
2643,14
2644,14
2644,14
2644,14
2645,14
2645,14
2646,14
2647,14
2648,14
2649,14
2650,14
2651,14
2652,14
2653,14
2654,14
2654,14
2655,14
2656,14
2657,14
2658,14
2659,14
2660,14
2661,14
2662,14
2663,14
2663,14
2664,14
2664,14
2665,14
2666,14
2667,14
2668,14
2669,14
2670,14
2671,14
2671,14
2672,14
2673,14
2674,14
2675,14
2675,14
2676,14
2677,14
2678,14
2679,14
2679,14
2680,14
2681,14
2682,14
2683,14
2684,14
2685,14
2686,14
2687,14
2688,14
2689,14
2690,14
2690,14
2690,14
2691,14
2692,14
2692,14
2693,14
2694,14
2695,14
2696,14
2697,14
2698,14
2699,14
2700,14
2701,14
2702,14
2702,14
2703,14
2704,14
2704,14
2704,14
2705,14
2706,14
2706,14
2706,14
2706,14
2707,14
2708,14
2709,14
2710,14
2711,14
2712,14
2713,14
2714,14
2715,14
2716,14
2717,14
2718,14
2718,14
2718,14
2719,14
2720,14
2721,14
2722,14
2722,14
2722,14
2722,14
2722,14
2723,14
2724,14
2725,14
2725,14
2726,14
2727,14
2727,14
2728,14
2729,14
2730,14
2731,14
2732,14
2733,14
2734,14
2735,14
2736,14
2737,14
2737,14
2738,14
2739,14
2740,14
2741,14
2742,14
2743,14
2744,14
2745,14
2746,14
2746,14
2747,14
2748,14
2749,14
2750,14
2751,14
2752,14
2752,14
2753,14
2754,14
2755,14
2756,14
2756,14
2757,14
2757,14
2758,14
2759,14
2760,14
2760,14
2761,14
2762,14
2763,14
2764,14
2765,14
2766,14
2766,14
2767,14
2767,14
2768,14
2769,14
2770,14
2770,14
2771,14
2772,14
2772,14
2773,14
2774,14
2774,14
2774,14
2774,14
2775,14
2776,14
2776,14
2777,14
2777,14
2778,14
2779,14
2780,14
2781,14
2781,14
2781,14
2782,14
2783,14
2783,14
2784,14
2785,14
2786,14
2787,14
2788,14
2789,14
2790,14
2791,14
2792,14
2792,14
2793,14
2794,14
2794,14
2794,14
2795,14
2796,14
2797,14
2798,14
2799,14
2800,14
2801,14
2802,14
2803,14
2804,14
2805,14
2806,14
2806,14
2807,14
2808,14
2809,14
2810,14
2811,14
2812,14
2813,14
2814,14
2815,14
2816,14
2816,14
2817,14
2817,14
2817,14
2818,14
2819,14
2819,14
2820,14
2821,14
2822,14
2823,14
2823,14
2824,14
2825,14
2825,14
2826,14
2827,14
2827,14
2828,14
2828,14
2829,14
2830,14
2831,14
2831,14
2831,14
2832,14
2833,14
2834,14
2834,14
2834,14
2834,14
2835,14
2835,14
2836,14
2837,14
2838,14
2839,14
2840,14
2841,14
2842,14
2843,14
2844,14
2845,14
2845,14
2846,14
2846,14
2847,14
2847,14
2847,14
2848,14
2849,14
2850,14
2851,14
2851,14
2852,14
2853,14
2854,14
2854,14
2855,14
2856,14
2857,14
2857,14
2858,14
2859,14
2859,14
2860,14
2861,14
2862,14
2863,14
2864,14
2865,14
2865,14
2865,14
2866,14
2866,14
2866,14
2866,14
2867,14
2867,14
2868,14
2869,14
2869,14
2870,14
2870,14
2871,14
2872,14
2872,14
2873,14
2873,14
2874,14
2874,14
2875,14
2876,14
2877,14
2878,14
2878,14
2879,14
2879,14
2879,14
2880,14
2881,14
2881,14
2882,14
2883,14
2883,14
2884,14
2884,14
2885,14
2885,14
2885,14
2886,14
2887,14
2887,14
2887,14
2887,14
2887,14
2887,14
2887,14
2888,14
2889,14
2890,14
2891,14
2892,14
2893,14
2894,14
2895,14
2896,14
2897,14
2897,14
2898,14
2899,14
2900,14
2901,14
2901,14
2902,14
2902,14
2903,14
2904,14
2904,14
2905,14
2906,14
2907,14
2907,14
2908,14
2909,14
2910,14
2910,14
2910,14
2911,14
2912,14
2912,14
2913,14
2914,14
2914,14
2915,14
2916,14
2917,14
2918,14
2919,14
2920,14
2920,14
2921,14
2922,14
2923,14
2924,14
2925,14
2926,14
2926,14
2926,14
2927,14
2928,14
2928,14
2929,14
2929,14
2930,14
2931,14
2931,14
2932,14
2933,14
2933,14
2934,14
2935,14
2936,14
2937,14
2938,14
2939,14
2940,14
2941,14
2941,14
2942,14
2943,14
2944,14
2945,14
2945,14
2946,14
2946,14
2947,14
2947,14
2947,14
2948,14
2949,14
2950,14
2950,14
2951,14
2951,14
2952,14
2953,14
2954,14
2955,14
2956,14
2956,14
2956,14
2956,14
2957,14
2957,14
2958,14
2959,14
2960,14
2961,14
2962,14
2963,14
2964,14
2964,14
2965,14
2966,14
2967,14
2968,14
2969,14
2970,14
2971,14
2971,14
2971,14
2972,14
2973,14
2973,14
2974,14
2975,14
2975,14
2976,14
2977,14
2978,14
2979,14
2980,14
2981,14
2982,14
2982,14
2983,14
2984,14
2984,14
2984,14
2984,14
2985,14
2986,14
2987,14
2988,14
2988,14
2988,14
2988,14
2989,14
2990,14
2991,14
2991,14
2992,14
2992,14
2992,14
2993,14
2994,14
2994,14
2994,14
2995,14
2996,14
2997,14
2997,14
2998,14
2999,14
3000,14
3001,14
3001,14
3002,14
3003,14
3004,14
3004,14
3004,14
3005,14
3006,14
3006,14
3007,14
3008,14
3008,14
3008,14
3009,14
3009,14
3010,14
3011,14
3012,14
3012,14
3013,14
3013,14
3014,14
3015,14
3015,14
3015,14
3016,14
3017,14
3017,14
3018,14
3019,14
3020,14
3021,14
3022,14
3023,14
3024,14
3025,14
3026,14
3026,14
3027,14
3028,14
3029,14
3030,14
3030,14
3031,14
3032,14
3032,14
3033,14
3034,14
3034,14
3034,14
3035,14
3036,14
3037,14
3037,14
3038,14
3039,14
3040,14
3041,14
3041,14
3042,14
3043,14
3044,14
3045,14
3046,14
3046,14
3047,14
3048,14
3048,14
3049,14
3050,14
3051,14
3052,14
3053,14
3054,14
3055,14
3056,14
3057,14
3058,14
3059,14
3060,14
3061,14
3062,14
3063,14
3064,14
3065,14
3065,14
3065,14
3066,14
3067,14
3068,14
3069,14
3070,14
3070,14
3071,14
3072,14
3073,14
3073,14
3074,14
3075,14
3076,14
3077,14
3078,14
3079,14
3079,14
3079,14
3080,14
3081,14
3082,14
3082,14
3083,14
3084,14
3084,14
3084,14
3085,14
3085,14
3085,14
3086,14
3087,14
3087,14
3088,14
3088,14
3089,14
3090,14
3091,14
3092,14
3092,14
3093,14
3094,14
3094,14
3095,14
3096,14
3097,14
3098,14
3099,14
3100,14
3101,14
3102,14
3102,14
3103,14
3103,14
3103,14
3104,14
3105,14
3106,14
3107,14
3108,14
3109,14
3110,14
3110,14
3111,14
3112,14
3113,14
3114,14
3114,14
3115,14
3116,14
3116,14
3116,14
3116,14
3116,14
3116,14
3117,14
3117,14
3118,14
3119,14
3120,14
3121,14
3122,14
3123,14
3123,14
3124,14
3124,14
3125,14
3126,14
3127,14
3128,14
3128,14
3128,14
3129,14
3129,14
3130,14
3131,14
3132,14
3132,14
3133,14
3134,14
3135,14
3135,14
3136,14
3137,14
3137,14
3138,14
3139,14
3139,14
3140,14
3141,14
3141,14
3141,14
3142,14
3143,14
3143,14
3144,14
3145,14
3145,14
3146,14
3146,14
3146,14
3146,14
3147,14
3147,14
3148,14
3148,14
3148,14
3149,14
3150,14
3151,14
3152,14
3153,14
3154,14
3155,14
3156,14
3157,14
3158,14
3159,14
3160,14
3161,14
3162,14
3162,14
3163,14
3163,14
3164,14
3165,14
3166,14
3167,14
3168,14
3169,14
3169,14
3170,14
3171,14
3172,14
3173,14
3173,14
3174,14
3174,14
3175,14
3176,14
3177,14
3177,14
3178,14
3179,14
3180,14
3181,14
3182,14
3183,14
3183,14
3183,14
3184,14
3185,14
3186,14
3187,14
3188,14
3189,14
3190,14
3191,14
3191,14
3192,14
3193,14
3194,14
3194,14
3195,14
3196,14
3197,14
3197,14
3198,14
3199,14
3199,14
3200,14
3200,14
3200,14
3200,14
3200,14
3201,14
3202,14
3203,14
3204,14
3205,14
3206,14
3207,14
3207,14
3208,14
3208,14
3208,14
3208,14
3209,14
3210,14
3211,14
3212,14
3213,14
3213,14
3213,14
3214,14
3215,14
3216,14
3217,14
3217,14
3218,14
3219,14
3220,14
3221,14
3221,14
3222,14
3223,14
3224,14
3225,14
3226,14
3227,14
3228,14
3228,14
3229,14
3230,14
3231,14
3232,14
3233,14
3234,14
3235,14
3236,14
3236,14
3237,14
3237,14
3238,14
3238,14
3238,14
3238,14
3239,14
3239,14
3239,14
3240,14
3240,14
3241,14
3242,14
3243,14
3244,14
3244,14
3244,14
3245,14
3245,14
3245,14
3246,14
3247,14
3248,14
3249,14
3250,14
3251,14
3252,14
3253,14
3254,14
3255,14
3256,14
3257,14
3257,14
3258,14
3259,14
3260,14
3261,14
3261,14
3262,14
3263,14
3264,14
3264,14
3264,14
3265,14
3266,14
3267,14
3268,14
3269,14
3270,14
3271,14
3271,14
3271,14
3272,14
3273,14
3273,14
3274,14
3274,14
3275,14
3275,14
3276,14
3276,14
3277,14
3277,14
3278,14
3278,14
3278,14
3279,14
3280,14
3280,14
3280,14
3281,14
3282,14
3283,14
3283,14
3284,14
3285,14
3286,14
3287,14
3288,14
3288,14
3289,14
3289,14
3289,14
3290,14
3291,14
3291,14
3292,14
3293,14
3294,14
3295,14
3295,14
3296,14
3296,14
3297,14
3297,14
3298,14
3298,14
3299,14
3299,14
3300,14
3300,14
3301,14
3301,14
3301,14
3302,14
3303,14
3303,14
3304,14
3305,14
3306,14
3307,14
3307,14
3308,14
3309,14
3310,14
3310,14
3311,14
3312,14
3312,14
3312,14
3313,14
3314,14
3314,14
3315,14
3316,14
3317,14
3318,14
3319,14
3319,14
3319,14
3320,14
3320,14
3321,14
3321,14
3322,14
3323,14
3323,14
3323,14
3324,14
3324,14
3325,14
3325,14
3326,14
3326,14
3327,14
3328,14
3329,14
3330,14
3331,14
3332,14
3332,14
3333,14
3334,14
3335,14
3335,14
3336,14
3336,14
3337,14
3337,14
3337,14
3337,14
3338,14
3339,14
3340,14
3341,14
3342,14
3343,14
3343,14
3344,14
3345,14
3345,14
3346,14
3346,14
3347,14
3347,14
3348,14
3348,14
3348,14
3348,14
3349,14
3350,14
3351,14
3351,14
3351,14
3351,14
3352,14
3353,14
3354,14
3355,14
3356,14
3357,14
3358,14
3358,14
3359,14
3360,14
3361,14
3361,14
3361,14
3362,14
3363,14
3364,14
3364,14
3364,14
3365,14
3366,14
3366,14
3367,14
3367,14
3367,14
3368,14
3369,14
3369,14
3369,14
3370,14
3371,14
3372,14
3373,14
3374,14
3375,14
3376,14
3377,14
3378,14
3378,14
3379,14
3380,14
3381,14
3381,14
3382,14
3383,14
3383,14
3384,14
3384,14
3385,14
3386,14
3387,14
3387,14
3387,14
3388,14
3389,14
3389,14
3390,14
3390,14
3390,14
3391,14
3392,14
3392,14
3393,14
3393,14
3394,14
3394,14
3395,14
3396,14
3397,14
3398,14
3399,14
3400,14
3401,14
3402,14
3402,14
3403,14
3404,14
3404,14
3404,14
3405,14
3406,14
3407,14
3408,14
3409,14
3410,14
3411,14
3411,14
3412,14
3413,14
3413,14
3414,14
3415,14
3415,14
3416,14
3416,14
3416,14
3416,14
3417,14
3417,14
3418,14
3419,14
3419,14
3420,14
3421,14
3421,14
3422,14
3423,14
3423,14
3424,14
3425,14
3426,14
3427,14
3428,14
3429,14
3430,14
3431,14
3432,14
3433,14
3433,14
3434,14
3434,14
3435,14
3436,14
3436,14
3437,14
3437,14
3437,14
3437,14
3438,14
3439,14
3440,14
3441,14
3442,14
3443,14
3444,14
3445,14
3446,14
3447,14
3448,14
3448,14
3449,14
3450,14
3450,14
3450,14
3450,14
3451,14
3452,14
3453,14
3453,14
3453,14
3453,14
3453,14
3454,14
3455,14
3456,14
3457,14
3457,14
3458,14
3458,14
3458,14
3459,14
3459,14
3459,14
3459,14
3460,14
3461,14
3462,14
3462,14
3462,14
3463,14
3464,14
3465,14
3466,14
3467,14
3468,14
3468,14
3468,14
3469,14
3469,14
3470,14
3471,14
3472,14
3473,14
3474,14
3475,14
3476,14
3476,14
3477,14
3478,14
3479,14
3479,14
3480,14
3481,14
3482,14
3483,14
3484,14
3485,14
3486,14
3487,14
3488,14
3488,14
3488,14
3489,14
3490,14
3491,14
3491,14
3492,14
3493,14
3493,14
3494,14
3494,14
3495,14
3496,14
3497,14
3498,14
3499,14
3500,14
3500,14
3501,14
3502,14
3502,14
3502,14
3503,14
3503,14
3503,14
3504,14
3504,14
3505,14
3506,14
3507,14
3508,14
3509,14
3510,14
3511,14
3512,14
3513,14
3514,14
3515,14
3516,14
3517,14
3518,14
3519,14
3520,14
3521,14
3522,14
3523,14
3524,14
3525,14
3525,14
3525,14
3526,14
3527,14
3527,14
3528,14
3528,14
3528,14
3529,14
3529,14
3529,14
3530,14
3530,14
3530,14
3530,14
3531,14
3531,14
3532,14
3532,14
3532,14
3533,14
3534,14
3535,14
3536,14
3537,14
3537,14
3538,14
3539,14
3539,14
3539,14
3540,14
3540,14
3540,14
3541,14
3541,14
3541,14
3542,14
3543,14
3544,14
3545,14
3545,14
3546,14
3547,14
3547,14
3547,14
3548,14
3549,14
3550,14
3551,14
3552,14
3552,14
3553,14
3554,14
3554,14
3554,14
3555,14
3555,14
3556,14
3557,14
3557,14
3557,14
3558,14
3559,14
3559,14
3560,14
3560,14
3561,14
3561,14
3561,14
3562,14
3562,14
3562,14
3563,14
3563,14
3564,14
3565,14
3565,14
3566,14
3567,14
3568,14
3569,14
3570,14
3570,14
3570,14
3571,14
3571,14
3571,14
3572,14
3573,14
3573,14
3574,14
3575,14
3576,14
3576,14
3576,14
3577,14
3578,14
3579,14
3580,14
3580,14
3581,14
3582,14
3582,14
3582,14
3583,14
3583,14
3584,14
3585,14
3585,14
3585,14
3585,14
3586,14
3586,14
3586,14
3586,14
3586,14
3586,14
3587,14
3588,14
3589,14
3590,14
3591,14
3592,14
3593,14
3593,14
3593,14
3594,14
3594,14
3594,14
3595,14
3596,14
3596,14
3596,14
3597,14
3598,14
3599,14
3599,14
3600,14
3601,14
3602,14
3603,14
3604,14
3604,14
3604,14
3605,14
3605,14
3605,14
3606,14
3607,14
3608,14
3609,14
3609,14
3610,14
3611,14
3611,14
3612,14
3613,14
3613,14
3613,14
3614,14
3615,14
3615,14
3616,14
3617,14
3618,14
3619,14
3620,14
3621,14
3622,14
3622,14
3622,14
3623,14
3624,14
3625,14
3626,14
3626,14
3626,14
3627,14
3628,14
3628,14
3629,14
3629,14
3629,14
3630,14
3631,14
3632,14
3633,14
3633,14
3634,14
3634,14
3635,14
3636,14
3637,14
3638,14
3638,14
3638,14
3639,14
3640,14
3641,14
3642,14
3642,14
3643,14
3644,14
3645,14
3645,14
3646,14
3647,14
3648,14
3649,14
3649,14
3650,14
3650,14
3651,14
3651,14
3652,14
3653,14
3654,14
3654,14
3654,14
3655,14
3656,14
3657,14
3657,14
3658,14
3659,14
3660,14
3661,14
3662,14
3662,14
3662,14
3662,14
3662,14
3663,14
3663,14
3664,14
3665,14
3666,14
3667,14
3667,14
3668,14
3669,14
3670,14
3671,14
3672,14
3673,14
3674,14
3675,14
3676,14
3677,14
3677,14
3678,14
3679,14
3680,14
3681,14
3681,14
3681,14
3681,14
3682,14
3683,14
3684,14
3685,14
3686,14
3687,14
3688,14
3689,14
3689,14
3690,14
3691,14
3692,14
3693,14
3694,14
3694,14
3694,14
3695,14
3695,14
3695,14
3695,14
3696,14
3697,14
3697,14
3697,14
3697,14
3698,14
3699,14
3700,14
3700,14
3700,14
3700,14
3701,14
3701,14
3701,14
3702,14
3702,14
3703,14
3704,14
3705,14
3706,14
3707,14
3708,14
3709,14
3710,14
3711,14
3712,14
3712,14
3712,14
3712,14
3712,14
3713,14
3714,14
3714,14
3715,14
3715,14
3716,14
3717,14
3717,14
3718,14
3718,14
3719,14
3719,14
3720,14
3720,14
3721,14
3722,14
3723,14
3724,14
3725,14
3725,14
3725,14
3726,14
3727,14
3728,14
3729,14
3730,14
3730,14
3731,14
3732,14
3732,14
3733,14
3733,14
3734,14
3735,14
3736,14
3737,14
3737,14
3738,14
3739,14
3740,14
3741,14
3741,14
3741,14
3741,14
3741,14
3742,14
3742,14
3742,14
3743,14
3744,14
3745,14
3745,14
3745,14
3745,14
3745,14
3746,14
3747,14
3748,14
3748,14
3749,14
3749,14
3749,14
3750,14
3750,14
3751,14
3752,14
3752,14
3753,14
3754,14
3754,14
3755,14
3756,14
3756,14
3757,14
3758,14
3758,14
3759,14
3759,14
3760,14
3760,14
3761,14
3761,14
3761,14
3761,14
3761,14
3762,14
3763,14
3764,14
3765,14
3766,14
3766,14
3767,14
3767,14
3767,14
3768,14
3769,14
3770,14
3770,14
3771,14
3772,14
3773,14
3774,14
3774,14
3775,14
3776,14
3777,14
3777,14
3777,14
3778,14
3778,14
3779,14
3779,14
3780,14
3780,14
3781,14
3782,14
3782,14
3782,14
3782,14
3783,14
3784,14
3785,14
3786,14
3787,14
3788,14
3789,14
3790,14
3791,14
3791,14
3792,14
3793,14
3793,14
3794,14
3794,14
3794,14
3795,14
3795,14
3796,14
3797,14
3797,14
3797,14
3798,14
3799,14
3799,14
3800,14
3800,14
3801,14
3801,14
3802,14
3803,14
3804,14
3805,14
3806,14
3806,14
3806,14
3806,14
3807,14
3808,14
3809,14
3810,14
3811,14
3812,14
3813,14
3814,14
3814,14
3814,14
3815,14
3815,14
3815,14
3816,14
3817,14
3818,14
3819,14
3820,14
3821,14
3821,14
3821,14
3822,14
3822,14
3823,14
3824,14
3825,14
3826,14
3827,14
3828,14
3829,14
3830,14
3831,14
3831,14
3832,14
3832,14
3833,14
3834,14
3835,14
3835,14
3835,14
3836,14
3837,14
3838,14
3838,14
3838,14
3838,14
3838,14
3838,14
3839,14
3840,14
3841,14
3842,14
3842,14
3843,14
3844,14
3845,14
3846,14
3846,14
3846,14
3847,14
3848,14
3849,14
3849,14
3850,14
3851,14
3852,14
3853,14
3854,14
3854,14
3854,14
3854,14
3855,14
3856,14
3857,14
3857,14
3858,14
3859,14
3859,14
3860,14
3860,14
3861,14
3861,14
3861,14
3862,14
3862,14
3863,14
3864,14
3865,14
3865,14
3866,14
3867,14
3868,14
3869,14
3869,14
3869,14
3870,14
3871,14
3872,14
3873,14
3874,14
3875,14
3875,14
3876,14
3877,14
3878,14
3878,14
3879,14
3879,14
3880,14
3881,14
3881,14
3882,14
3882,14
3883,14
3884,14
3885,14
3886,14
3887,14
3888,14
3888,14
3888,14
3889,14
3890,14
3890,14
3891,14
3891,14
3891,14
3892,14
3892,14
3893,14
3894,14
3895,14
3896,14
3897,14
3898,14
3899,14
3900,14
3900,14
3901,14
3902,14
3902,14
3903,14
3904,14
3905,14
3905,14
3905,14
3906,14
3907,14
3908,14
3909,14
3910,14
3911,14
3911,14
3912,14
3913,14
3914,14
3914,14
3915,14
3916,14
3916,14
3916,14
3916,14
3916,14
3917,14
3917,14
3917,14
3917,14
3918,14
3918,14
3919,14
3920,14
3920,14
3920,14
3920,14
3921,14
3922,14
3923,14
3924,14
3925,14
3926,14
3926,14
3926,14
3926,14
3927,14
3927,14
3927,14
3927,14
3927,14
3928,14
3929,14
3930,14
3930,14
3931,14
3932,14
3932,14
3933,14
3934,14
3935,14
3936,14
3937,14
3938,14
3939,14
3939,14
3940,14
3940,14
3941,14
3942,14
3942,14
3943,14
3944,14
3944,14
3945,14
3945,14
3946,14
3947,14
3948,14
3949,14
3950,14
3951,14
3952,15
3953,15
3953,15
3954,15
3955,15
3956,15
3956,15
3956,15
3957,15
3958,15
3958,15
3958,15
3959,15
3959,15
3960,15
3961,15
3961,15
3961,15
3962,15
3962,15
3962,15
3962,15
3963,15
3964,15
3964,15
3965,15
3966,15
3967,15
3967,15
3968,15
3969,15
3970,15
3971,15
3972,15
3973,15
3974,15
3975,15
3976,15
3976,15
3976,15
3976,15
3976,15
3977,15
3977,15
3978,15
3979,15
3979,15
3980,15
3981,15
3981,15
3982,15
3983,15
3984,15
3984,15
3985,15
3986,15
3987,15
3988,15
3989,15
3989,15
3989,15
3989,15
3990,15
3991,15
3992,15
3992,15
3993,15
3994,15
3994,15
3995,15
3996,15
3996,15
3997,15
3997,15
3997,15
3998,15
3999,15
4000,15
4001,15
4002,15
4003,15
4003,15
4004,15
4004,15
4005,15
4006,15
4007,15
4007,15
4008,15
4008,15
4009,15
4009,15
4009,15
4010,15
4010,15
4011,15
4012,15
4013,15
4014,15
4015,15
4016,15
4017,15
4018,15
4018,15
4019,15
4020,15
4020,15
4021,15
4022,15
4022,15
4023,15
4024,15
4025,15
4026,15
4027,15
4027,15
4027,15
4028,15
4028,15
4028,15
4029,15
4029,15
4030,15
4030,15
4031,15
4032,15
4032,15
4032,15
4032,15
4032,15
4032,15
4033,15
4034,15
4034,15
4035,15
4035,15
4035,15
4036,15
4036,15
4037,15
4038,15
4038,15
4038,15
4038,15
4038,15
4038,15
4039,15
4040,15
4041,15
4042,15
4042,15
4043,15
4044,15
4045,15
4045,15
4046,15
4047,15
4047,15
4047,15
4047,15
4047,15
4047,15
4048,15
4048,15
4049,15
4049,15
4050,15
4050,15
4050,15
4051,15
4051,15
4051,15
4051,15
4052,15
4053,15
4054,15
4054,15
4054,15
4055,15
4055,15
4055,15
4056,15
4057,15
4058,15
4059,15
4060,15
4060,15
4060,15
4060,15
4061,15
4062,15
4062,15
4063,15
4064,15
4065,15
4066,15
4066,15
4067,15
4068,15
4069,15
4070,15
4071,15
4071,15
4072,15
4072,15
4073,15
4074,15
4074,15
4075,15
4076,15
4077,15
4078,15
4078,15
4079,15
4080,15
4081,15
4082,15
4082,15
4082,15
4083,15
4083,15
4083,15
4084,15
4085,15
4086,15
4087,15
4088,15
4089,15
4090,15
4090,15
4091,15
4092,15
4093,15
4094,15
4094,15
4094,15
4094,15
4094,15
4094,15
4095,15
4096,15
4097,15
4097,15
4097,15
4098,15
4098,15
4098,15
4099,15
4099,15
4100,15
4101,15
4101,15
4102,15
4103,15
4104,15
4105,15
4105,15
4106,15
4106,15
4106,15
4107,15
4107,15
4108,15
4109,15
4110,15
4110,15
4111,15
4111,15
4111,15
4112,15
4113,15
4113,15
4114,15
4115,15
4116,15
4117,15
4117,15
4118,15
4119,15
4119,15
4120,15
4121,15
4122,15
4122,15
4123,15
4123,15
4124,15
4125,15
4126,15
4127,15
4128,15
4128,15
4129,15
4129,15
4129,15
4129,15
4130,15
4130,15
4130,15
4131,15
4131,15
4132,15
4133,15
4134,15
4135,15
4136,15
4136,15
4136,15
4137,15
4138,15
4139,15
4140,15
4140,15
4141,15
4142,15
4142,15
4142,15
4143,15
4144,15
4145,15
4146,15
4146,15
4147,15
4147,15
4148,15
4148,15
4148,15
4149,15
4149,15
4150,15
4151,15
4151,15
4151,15
4152,15
4153,15
4154,15
4155,15
4156,15
4157,15
4158,15
4159,15
4160,15
4161,15
4162,15
4163,15
4163,15
4164,15
4164,15
4164,15
4164,15
4164,15
4164,15
4165,15
4165,15
4165,15
4166,15
4167,15
4168,15
4168,15
4169,15
4170,15
4170,15
4170,15
4170,15
4170,15
4171,15
4171,15
4171,15
4172,15
4172,15
4173,15
4174,15
4174,15
4175,15
4176,15
4176,15
4177,15
4178,15
4179,15
4180,15
4181,15
4181,15
4182,15
4183,15
4183,15
4183,15
4184,15
4185,15
4185,15
4185,15
4186,15
4187,15
4188,15
4188,15
4189,15
4190,15
4191,15
4192,15
4192,15
4193,15
4194,15
4195,15
4195,15
4196,15
4197,15
4197,15
4198,15
4199,15
4199,15
4199,15
4199,15
4199,15
4200,15
4200,15
4201,15
4201,15
4201,15
4202,15
4203,15
4203,15
4204,15
4205,15
4206,15
4207,15
4208,15
4209,15
4210,15
4211,15
4212,15
4213,15
4214,15
4214,15
4215,15
4216,15
4216,15
4216,15
4217,15
4217,15
4217,15
4218,15
4218,15
4219,15
4219,15
4219,15
4220,15
4221,15
4222,15
4223,15
4224,15
4225,15
4226,15
4227,15
4228,15
4228,15
4228,15
4228,15
4229,15
4229,15
4229,15
4229,15
4229,15
4230,15
4231,15
4232,15
4233,15
4234,15
4234,15
4235,15
4235,15
4235,15
4235,15
4236,15
4236,15
4237,15
4238,15
4238,15
4238,15
4239,15
4239,15
4239,15
4240,15
4241,15
4241,15
4241,15
4242,15
4242,15
4242,15
4243,15
4243,15
4244,15
4244,15
4244,15
4244,15
4245,15
4246,15
4247,15
4247,15
4248,15
4248,15
4249,15
4249,15
4249,15
4250,15
4251,15
4251,15
4252,15
4252,15
4253,15
4254,15
4255,15
4256,15
4256,15
4257,15
4257,15
4257,15
4258,15
4258,15
4258,15
4259,15
4260,15
4261,15
4261,15
4261,15
4262,15
4262,15
4263,15
4264,15
4265,15
4266,15
4267,15
4267,15
4267,15
4268,15
4269,15
4270,15
4270,15
4271,15
4272,15
4273,15
4274,15
4275,15
4276,15
4277,15
4277,15
4277,15
4278,15
4278,15
4278,15
4279,15
4280,15
4280,15
4281,15
4281,15
4282,15
4282,15
4282,15
4283,15
4283,15
4283,15
4284,15
4285,15
4286,15
4287,15
4288,15
4288,15
4288,15
4288,15
4289,15
4289,15
4290,15
4290,15
4290,15
4290,15
4291,15
4292,15
4292,15
4293,15
4293,15
4294,15
4294,15
4294,15
4295,15
4295,15
4296,15
4296,15
4296,15
4296,15
4297,15
4298,15
4299,15
4300,15
4300,15
4300,15
4300,15
4301,15
4301,15
4302,15
4302,15
4303,15
4303,15
4304,15
4305,15
4306,15
4307,15
4308,15
4309,15
4310,15
4311,15
4311,15
4312,15
4313,15
4313,15
4313,15
4313,15
4314,15
4314,15
4315,15
4316,15
4317,15
4318,15
4319,15
4320,15
4321,15
4322,15
4322,15
4323,15
4324,15
4324,15
4324,15
4325,15
4325,15
4325,15
4326,15
4327,15
4327,15
4327,15
4328,15
4328,15
4329,15
4330,15
4330,15
4331,15
4332,15
4333,15
4334,15
4335,15
4336,15
4336,15
4337,15
4338,15
4339,15
4340,15
4340,15
4341,15
4341,15
4341,15
4341,15
4341,15
4342,15
4343,15
4344,15
4345,15
4346,15
4347,15
4347,15
4348,15
4349,15
4349,15
4349,15
4349,15
4350,15
4351,15
4352,15
4353,15
4353,15
4354,15
4355,15
4355,15
4356,15
4356,15
4356,15
4357,15
4357,15
4358,15
4358,15
4359,15
4360,15
4360,15
4361,15
4361,15
4362,15
4363,15
4364,15
4365,15
4366,15
4367,15
4368,15
4369,15
4370,15
4370,15
4371,15
4371,15
4371,15
4371,15
4371,15
4371,15
4372,15
4372,15
4372,15
4373,15
4373,15
4373,15
4373,15
4374,15
4375,15
4375,15
4375,15
4376,15
4377,15
4378,15
4378,15
4379,15
4379,15
4379,15
4380,15
4381,15
4382,15
4383,15
4384,15
4385,15
4386,15
4386,15
4386,15
4386,15
4386,15
4387,15
4388,15
4388,15
4388,15
4388,15
4388,15
4388,15
4389,15
4389,15
4389,15
4390,15
4390,15
4390,15
4391,15
4392,15
4392,15
4393,15
4394,15
4394,15
4395,15
4396,15
4396,15
4396,15
4397,15
4398,15
4398,15
4398,15
4399,15
4400,15
4400,15
4400,15
4400,15
4401,15
4401,15
4402,15
4402,15
4403,15
4403,15
4404,15
4405,15
4406,15
4407,15
4408,15
4408,15
4409,15
4410,15
4410,15
4410,15
4411,15
4412,15
4412,15
4412,15
4413,15
4413,15
4414,15
4415,15
4415,15
4416,15
4417,15
4417,15
4418,15
4418,15
4419,15
4419,15
4419,15
4419,15
4419,15
4419,15
4420,15
4420,15
4420,15
4420,15
4421,15
4421,15
4421,15
4421,15
4422,15
4423,15
4424,15
4425,15
4425,15
4425,15
4425,15
4426,15
4426,15
4427,15
4427,15
4427,15
4428,15
4429,15
4429,15
4430,15
4431,15
4431,15
4432,15
4432,15
4433,15
4434,15
4434,15
4435,15
4436,15
4436,15
4437,15
4437,15
4438,15
4438,15
4439,15
4440,15
4441,15
4441,15
4442,15
4443,15
4443,15
4444,15
4445,15
4446,15
4446,15
4447,15
4447,15
4448,15
4448,15
4448,15
4449,15
4450,15
4450,15
4451,15
4451,15
4452,15
4453,15
4454,15
4455,15
4456,15
4457,15
4457,15
4458,15
4458,15
4459,15
4460,15
4461,15
4462,15
4462,15
4463,15
4463,15
4464,15
4465,15
4465,15
4466,15
4467,15
4467,15
4468,15
4469,15
4469,15
4470,15
4470,15
4471,15
4471,15
4471,15
4472,15
4472,15
4472,15
4472,15
4472,15
4473,15
4474,15
4474,15
4475,15
4476,15
4476,15
4476,15
4476,15
4477,15
4478,15
4478,15
4479,15
4479,15
4479,15
4480,15
4481,15
4481,15
4482,15
4483,15
4483,15
4483,15
4484,15
4485,15
4485,15
4485,15
4485,15
4486,15
4487,15
4488,15
4489,15
4489,15
4490,15
4491,15
4492,15
4492,15
4492,15
4493,15
4494,15
4495,15
4496,15
4497,15
4497,15
4498,15
4498,15
4499,15
4500,15
4501,15
4501,15
4501,15
4501,15
4501,15
4502,15
4502,15
4502,15
4503,15
4504,15
4504,15
4505,15
4505,15
4506,15
4507,15
4508,15
4509,15
4510,15
4511,15
4512,15
4513,15
4514,15
4515,15
4516,15
4517,15
4518,15
4519,15
4520,15
4521,15
4521,15
4521,15
4522,15
4523,15
4523,15
4524,15
4524,15
4525,15
4526,15
4527,15
4528,15
4528,15
4529,15
4529,15
4530,15
4530,15
4531,15
4531,15
4532,15
4533,15
4534,15
4534,15
4535,15
4535,15
4535,15
4536,15
4537,15
4537,15
4538,15
4539,15
4540,15
4541,15
4541,15
4542,15
4543,15
4544,15
4545,15
4545,15
4545,15
4546,15
4546,15
4547,15
4548,15
4549,15
4550,15
4550,15
4550,15
4551,15
4552,15
4552,15
4553,15
4553,15
4553,15
4553,15
4553,15
4554,15
4555,15
4555,15
4555,15
4555,15
4556,15
4557,15
4558,15
4559,15
4559,15
4560,15
4560,15
4560,15
4561,15
4562,15
4563,15
4564,15
4564,15
4564,15
4564,15
4565,15
4566,15
4566,15
4567,15
4567,15
4567,15
4568,15
4568,15
4569,15
4569,15
4570,15
4570,15
4571,15
4572,15
4572,15
4572,15
4572,15
4572,15
4573,15
4574,15
4574,15
4574,15
4575,15
4575,15
4575,15
4576,15
4577,15
4578,15
4579,15
4579,15
4580,15
4581,15
4581,15
4582,15
4583,15
4583,15
4584,15
4585,15
4586,15
4587,15
4588,15
4589,15
4589,15
4590,15
4590,15
4591,15
4592,15
4593,15
4594,15
4595,15
4595,15
4595,15
4595,15
4596,15
4596,15
4596,15
4596,15
4597,15
4598,15
4599,15
4599,15
4600,15
4600,15
4600,15
4601,15
4601,15
4601,15
4602,15
4603,15
4603,15
4603,15
4604,15
4605,15
4605,15
4606,15
4606,15
4606,15
4607,15
4608,15
4609,15
4609,15
4610,15
4610,15
4610,15
4611,15
4611,15
4612,15
4613,15
4613,15
4614,15
4615,15
4616,15
4617,15
4618,15
4618,15
4618,15
4618,15
4619,15
4619,15
4619,15
4620,15
4621,15
4622,15
4623,15
4624,15
4624,15
4625,15
4626,15
4627,15
4627,15
4628,15
4628,15
4628,15
4629,15
4630,15
4630,15
4630,15
4630,15
4631,15
4632,15
4632,15
4633,15
4634,15
4635,15
4636,15
4637,15
4637,15
4637,15
4638,15
4639,15
4639,15
4640,15
4641,15
4641,15
4641,15
4641,15
4642,15
4643,15
4644,15
4645,15
4645,15
4645,15
4646,15
4647,15
4647,15
4648,15
4648,15
4649,15
4650,15
4651,15
4651,15
4651,15
4652,15
4653,15
4654,15
4654,15
4655,15
4656,15
4657,15
4657,15
4657,15
4658,15
4659,15
4660,15
4660,15
4660,15
4660,15
4660,15
4660,15
4660,15
4661,15
4661,15
4662,15
4663,15
4663,15
4664,15
4664,15
4664,15
4664,15
4664,15
4665,15
4666,15
4666,15
4667,15
4667,15
4668,15
4668,15
4668,15
4668,15
4668,15
4668,15
4668,15
4668,15
4668,15
4669,15
4669,15
4669,15
4669,15
4670,15
4670,15
4670,15
4671,15
4672,15
4673,15
4673,15
4674,15
4675,15
4676,15
4676,15
4677,15
4678,15
4678,15
4678,15
4679,15
4680,15
4680,15
4681,15
4682,15
4683,15
4684,15
4684,15
4685,15
4686,15
4686,15
4686,15
4687,15
4688,15
4688,15
4689,15
4689,15
4690,15
4691,15
4691,15
4692,15
4693,15
4694,15
4694,15
4695,15
4695,15
4696,15
4697,15
4697,15
4697,15
4697,15
4698,15
4699,15
4700,15
4700,15
4700,15
4701,15
4702,15
4703,15
4703,15
4703,15
4704,15
4704,15
4704,15
4705,15
4705,15
4705,15
4706,15
4707,15
4708,15
4709,15
4710,15
4710,15
4711,15
4711,15
4711,15
4712,15
4712,15
4712,15
4712,15
4712,15
4713,15
4713,15
4714,15
4715,15
4716,15
4717,15
4717,15
4717,15
4718,15
4719,15
4720,15
4721,15
4722,15
4722,15
4723,15
4724,15
4724,15
4725,15
4726,15
4726,15
4727,15
4728,15
4728,15
4728,15
4728,15
4728,15
4729,15
4730,15
4730,15
4731,15
4731,15
4732,15
4732,15
4733,15
4734,15
4735,15
4736,15
4736,15
4737,15
4738,15
4738,15
4739,15
4739,15
4740,15
4740,15
4741,15
4742,15
4743,15
4744,15
4744,15
4745,15
4745,15
4746,15
4746,15
4746,15
4746,15
4747,15
4748,15
4749,15
4750,15
4751,15
4751,15
4751,15
4751,15
4752,15
4752,15
4753,15
4753,15
4753,15
4754,15
4754,15
4754,15
4754,15
4755,15
4755,15
4756,15
4756,15
4757,15
4758,15
4758,15
4758,15
4758,15
4759,15
4760,15
4760,15
4760,15
4760,15
4760,15
4761,15
4762,15
4763,15
4764,15
4765,15
4765,15
4766,15
4766,15
4767,15
4768,15
4768,15
4769,15
4770,15
4770,15
4770,15
4770,15
4770,15
4770,15
4770,15
4770,15
4771,15
4772,15
4773,15
4774,15
4775,15
4776,15
4777,15
4778,15
4778,15
4778,15
4778,15
4779,15
4780,15
4780,15
4780,15
4781,15
4781,15
4781,15
4781,15
4782,15
4783,15
4784,15
4785,15
4785,15
4786,15
4787,15
4787,15
4787,15
4788,15
4788,15
4789,15
4789,15
4790,15
4791,15
4791,15
4792,15
4792,15
4793,15
4794,15
4794,15
4795,15
4795,15
4795,15
4795,15
4795,15
4796,15
4796,15
4797,15
4797,15
4797,15
4797,15
4798,15
4799,15
4800,15
4800,15
4800,15
4801,15
4802,15
4803,15
4804,15
4805,15
4806,15
4806,15
4807,15
4807,15
4808,15
4809,15
4810,15
4810,15
4811,15
4811,15
4812,15
4812,15
4812,15
4812,15
4812,15
4812,15
4812,15
4813,15
4814,15
4815,15
4816,15
4816,15
4816,15
4817,15
4818,15
4819,15
4819,15
4820,15
4820,15
4821,15
4822,15
4823,15
4823,15
4824,15
4824,15
4825,15
4825,15
4826,15
4827,15
4827,15
4827,15
4828,15
4828,15
4829,15
4829,15
4829,15
4830,15
4830,15
4831,15
4832,15
4832,15
4833,15
4834,15
4835,15
4835,15
4835,15
4836,15
4836,15
4837,15
4838,15
4838,15
4838,15
4838,15
4839,15
4839,15
4839,15
4840,15
4841,15
4841,15
4841,15
4841,15
4842,15
4843,15
4843,15
4844,15
4844,15
4844,15
4844,15
4845,15
4845,15
4846,15
4847,15
4847,15
4848,15
4848,15
4848,15
4848,15
4848,15
4848,15
4849,15
4849,15
4850,15
4850,15
4850,15
4851,15
4851,15
4852,15
4853,15
4854,15
4855,15
4856,15
4857,15
4857,15
4858,15
4859,15
4859,15
4859,15
4859,15
4859,15
4860,15
4860,15
4861,15
4861,15
4862,15
4862,15
4863,15
4863,15
4863,15
4863,15
4863,15
4864,15
4864,15
4865,15
4866,15
4867,15
4868,15
4869,15
4870,15
4870,15
4871,15
4872,15
4873,15
4874,15
4875,15
4876,15
4877,15
4878,15
4879,15
4879,15
4879,15
4879,15
4879,15
4879,15
4879,15
4879,15
4879,15
4879,15
4879,15
4880,15
4880,15
4880,15
4881,15
4881,15
4882,15
4883,15
4883,15
4884,15
4884,15
4884,15
4885,15
4886,15
4887,15
4888,15
4889,15
4889,15
4890,15
4890,15
4890,15
4890,15
4891,15
4892,15
4892,15
4893,15
4894,15
4894,15
4894,15
4895,15
4895,15
4896,15
4896,15
4897,15
4897,15
4897,15
4897,15
4897,15
4898,15
4898,15
4898,15
4899,15
4900,15
4900,15
4900,15
4901,15
4902,15
4903,15
4904,15
4904,15
4905,15
4906,15
4906,15
4906,15
4907,15
4907,15
4908,15
4908,15
4909,15
4910,15
4911,15
4911,15
4912,15
4912,15
4913,15
4914,15
4914,15
4914,15
4915,15
4916,15
4916,15
4917,15
4918,15
4918,15
4919,15
4920,15
4920,15
4920,15
4920,15
4921,15
4922,15
4922,15
4923,15
4923,15
4924,15
4925,15
4925,15
4925,15
4926,15
4926,15
4926,15
4926,15
4927,15
4928,15
4929,15
4930,15
4930,15
4931,15
4931,15
4932,15
4932,15
4932,15
4933,15
4934,15
4934,15
4934,15
4935,15
4936,15
4936,15
4936,15
4936,15
4936,15
4936,15
4937,15
4937,15
4937,15
4938,15
4938,15
4938,15
4939,15
4940,15
4940,15
4941,15
4942,15
4942,15
4942,15
4943,15
4943,15
4944,15
4945,15
4945,15
4945,15
4946,15
4946,15
4946,15
4947,15
4948,15
4948,15
4949,15
4950,15
4950,15
4951,15
4951,15
4951,15
4951,15
4952,15
4952,15
4953,15
4953,15
4954,15
4954,15
4955,15
4956,15
4956,15
4957,15
4958,15
4958,15
4959,15
4959,15
4959,15
4959,15
4960,15
4961,15
4961,15
4961,15
4961,15
4961,15
4962,15
4962,15
4963,15
4964,15
4965,15
4965,15
4966,15
4966,15
4966,15
4967,15
4967,15
4967,15
4967,15
4968,15
4969,15
4970,15
4971,15
4972,15
4972,15
4973,15
4974,15
4975,15
4976,15
4976,15
4976,15
4976,15
4977,15
4977,15
4977,15
4977,15
4977,15
4978,15
4978,15
4978,15
4978,15
4979,15
4980,15
4981,15
4981,15
4982,15
4982,15
4982,15
4983,15
4984,15
4984,15
4985,15
4986,15
4986,15
4987,15
4987,15
4988,15
4988,15
4988,15
4989,15
4990,15
4990,15
4991,15
4992,15
4993,15
4993,15
4993,15
4994,15
4995,15
4996,15
4996,15
4996,15
4997,15
4998,15
4999,15
5000,15
5000,15
5001,15
5001,15
5002,15
5003,15
5003,15
5004,15
5004,15
5005,15
5006,15
5006,15
5007,15
5007,15
5007,15
5007,15
5007,15
5007,15
5008,15
5009,15
5010,15
5010,15
5011,15
5012,15
5013,15
5014,15
5015,15
5016,15
5016,15
5016,15
5016,15
5017,15
5018,15
5019,15
5020,15
5021,15
5022,15
5022,15
5023,15
5024,15
5024,15
5025,15
5026,15
5027,15
5027,15
5028,15
5028,15
5028,15
5029,15
5030,15
5030,15
5031,15
5031,15
5032,15
5033,15
5034,15
5035,15
5035,15
5035,15
5036,15
5037,15
5038,15
5038,15
5038,15
5038,15
5039,15
5039,15
5039,15
5040,15
5041,15
5041,15
5042,15
5042,15
5042,15
5042,15
5042,15
5042,15
5042,15
5043,15
5044,15
5044,15
5044,15
5044,15
5044,15
5044,15
5045,15
5045,15
5045,15
5046,15
5047,15
5047,15
5047,15
5047,15
5048,15
5048,15
5049,15
5050,15
5051,15
5051,15
5052,15
5053,15
5054,15
5055,15
5055,15
5055,15
5056,15
5057,15
5057,15
5057,15
5057,15
5058,15
5058,15
5058,15
5059,15
5059,15
5059,15
5059,15
5060,15
5060,15
5061,15
5061,15
5061,15
5061,15
5062,15
5062,15
5062,15
5062,15
5062,15
5063,15
5063,15
5064,15
5065,15
5066,15
5066,15
5067,15
5067,15
5068,15
5069,15
5070,15
5071,15
5072,15
5072,15
5072,15
5073,15
5074,15
5075,15
5075,15
5076,15
5076,15
5077,15
5078,15
5078,15
5079,15
5080,15
5080,15
5081,15
5081,15
5082,15
5083,15
5083,15
5084,15
5085,15
5085,15
5085,15
5086,15
5086,15
5087,15
5088,15
5088,15
5088,15
5089,15
5090,15
5091,15
5092,15
5092,15
5093,15
5093,15
5094,15
5095,15
5095,15
5096,15
5096,15
5096,15
5097,15
5098,15
5098,15
5098,15
5098,15
5099,15
5099,15
5100,15
5101,15
5101,15
5102,15
5102,15
5103,15
5104,15
5105,15
5106,15
5106,15
5107,15
5108,15
5108,15
5108,15
5109,15
5110,15
5111,15
5112,15
5113,15
5114,15
5114,15
5115,15
5116,15
5116,15
5117,15
5117,15
5117,15
5117,15
5117,15
5118,15
5119,15
5120,15
5120,15
5120,15
5121,15
5121,15
5122,15
5122,15
5123,15
5123,15
5124,15
5124,15
5125,15
5126,15
5126,15
5126,15
5126,15
5126,15
5127,15
5128,15
5128,15
5129,15
5129,15
5130,15
5130,15
5130,15
5130,15
5131,15
5132,15
5133,15
5133,15
5134,15
5134,15
5134,15
5134,15
5134,15
5135,15
5136,15
5137,15
5138,15
5139,15
5140,15
5140,15
5141,15
5142,15
5142,15
5143,15
5144,15
5145,15
5145,15
5146,15
5147,15
5147,15
5148,15
5149,15
5150,15
5151,15
5152,15
5152,15
5152,15
5153,15
5153,15
5154,15
5154,15
5154,15
5155,15
5156,15
5157,15
5157,15
5157,15
5158,15
5158,15
5159,15
5159,15
5160,15
5161,15
5162,15
5163,15
5163,15
5164,15
5165,15
5166,15
5166,15
5166,15
5167,15
5168,15
5169,15
5169,15
5169,15
5169,15
5169,15
5169,15
5170,15
5171,15
5172,15
5173,15
5173,15
5174,15
5174,15
5174,15
5174,15
5174,15
5175,15
5175,15
5176,15
5176,15
5177,15
5177,15
5178,15
5179,15
5180,15
5181,15
5182,15
5183,15
5184,15
5184,15
5185,15
5185,15
5185,15
5185,15
5185,15
5186,15
5186,15
5186,15
5187,15
5188,15
5189,15
5190,15
5191,15
5192,15
5192,15
5193,15
5193,15
5193,15
5194,15
5195,15
5195,15
5195,15
5195,15
5195,15
5196,15
5197,15
5198,15
5199,15
5199,15
5200,15
5201,15
5201,15
5202,15
5203,15
5204,15
5204,15
5204,15
5204,15
5205,15
5206,15
5207,15
5207,15
5207,15
5207,15
5208,15
5209,15
5210,15
5211,15
5211,15
5211,15
5212,15
5213,15
5214,15
5214,15
5214,15
5215,15
5215,15
5216,15
5217,15
5217,15
5217,15
5218,15
5218,15
5219,15
5219,15
5219,15
5219,15
5219,15
5219,15
5220,15
5221,15
5222,15
5222,15
5223,15
5224,15
5225,15
5225,15
5225,15
5225,15
5226,15
5227,15
5228,15
5228,15
5229,15
5230,15
5230,15
5230,15
5231,15
5232,15
5233,15
5234,15
5234,15
5234,15
5234,15
5234,15
5235,15
5235,15
5236,15
5236,15
5236,15
5237,15
5238,15
5239,15
5239,15
5240,15
5240,15
5240,15
5241,15
5241,15
5241,15
5242,15
5243,15
5243,15
5243,15
5243,15
5244,15
5244,15
5245,15
5246,15
5247,15
5247,15
5247,15
5248,15
5248,15
5248,15
5248,15
5248,15
5248,15
5249,15
5250,15
5250,15
5250,15
5250,15
5251,15
5251,15
5252,15
5252,15
5253,15
5253,15
5253,15
5253,15
5253,15
5254,15
5254,15
5254,15
5255,15
5256,15
5256,15
5257,15
5257,15
5257,15
5258,15
5258,15
5258,15
5258,15
5259,15
5260,15
5261,15
5262,15
5263,15
5263,15
5264,15
5265,15
5266,15
5266,15
5267,15
5267,15
5268,15
5268,15
5268,15
5269,15
5270,15
5271,15
5272,15
5272,15
5272,15
5272,15
5272,15
5273,15
5274,15
5274,15
5274,15
5274,15
5274,15
5275,15
5275,15
5275,15
5276,15
5276,15
5276,15
5276,15
5276,15
5277,15
5278,15
5278,15
5278,15
5278,15
5278,15
5278,15
5278,15
5278,15
5278,15
5279,15
5280,15
5280,15
5281,15
5282,15
5282,15
5282,15
5283,15
5283,15
5284,15
5285,15
5286,15
5287,15
5287,15
5288,15
5288,15
5288,15
5289,15
5290,15
5291,15
5292,15
5293,15
5294,15
5294,15
5294,15
5295,15
5295,15
5295,15
5296,15
5296,15
5296,15
5297,15
5297,15
5298,15
5299,15
5299,15
5300,15
5300,15
5301,15
5302,15
5302,15
5302,15
5302,15
5303,15
5303,15
5303,15
5303,15
5303,15
5303,15
5303,15
5303,15
5304,15
5304,15
5304,15
5305,15
5306,15
5307,15
5307,15
5307,15
5308,15
5308,15
5309,15
5309,15
5309,15
5309,15
5309,15
5309,15
5309,15
5309,15
5309,15
5309,15
5310,15
5310,15
5310,15
5310,15
5310,15
5311,15
5312,15
5312,15
5313,15
5314,15
5315,15
5315,15
5315,15
5315,15
5315,15
5315,15
5316,15
5317,15
5317,15
5318,15
5319,15
5320,15
5320,15
5320,15
5320,15
5321,15
5321,15
5321,15
5322,15
5322,15
5322,15
5322,15
5323,15
5323,15
5324,15
5324,15
5324,15
5324,15
5324,15
5324,15
5324,15
5324,15
5324,15
5325,15
5325,15
5325,15
5325,15
5325,15
5325,15
5325,15
5325,15
5325,15
5325,15
5325,15
5326,15
5327,15
5328,15
5328,15
5328,15
5328,15
5328,15
5329,15
5329,15
5329,15
5329,15
5330,15
5331,15
5331,15
5332,15
5332,15
5332,15
5332,15
5333,15
5333,15
5334,15
5335,15
5336,15
5336,15
5336,15
5336,15
5337,15
5338,15
5338,15
5339,15
5339,15
5340,15
5340,15
5340,15
5341,15
5341,15
5341,15
5341,15
5341,15
5341,15
5342,15
5342,15
5342,15
5342,15
5342,15
5343,15
5344,15
5345,15
5346,15
5347,15
5347,15
5347,15
5347,15
5348,15
5348,15
5349,15
5349,15
5350,15
5350,15
5350,15
5350,15
5351,15
5352,15
5353,15
5353,15
5354,15
5355,15
5355,15
5355,15
5355,15
5355,15
5355,15
5356,15
5356,15
5357,15
5357,15
5357,15
5358,15
5359,15
5360,15
5361,15
5362,15
5362,15
5362,15
5363,15
5363,15
5363,15
5363,15
5364,15
5364,15
5365,15
5365,15
5365,15
5365,15
5365,15
5365,15
5366,15
5366,15
5366,15
5367,15
5367,15
5367,15
5367,15
5367,15
5368,15
5368,15
5368,15
5369,15
5370,15
5371,15
5371,15
5371,15
5371,15
5372,15
5372,15
5372,15
5373,15
5373,15
5373,15
5374,15
5374,15
5375,15
5376,15
5376,15
5376,15
5377,15
5377,15
5377,15
5377,15
5377,15
5378,15
5379,15
5379,15
5379,15
5380,15
5380,15
5381,15
5381,15
5381,15
5381,15
5381,15
5381,15
5381,15
5381,15
5382,15
5383,15
5383,15
5383,15
5383,15
5384,15
5385,15
5385,15
5386,15
5387,15
5388,15
5389,15
5390,15
5390,15
5391,15
5392,15
5392,15
5392,15
5392,15
5393,15
5393,15
5393,15
5394,15
5394,15
5395,15
5395,15
5395,15
5396,15
5396,15
5396,15
5397,15
5398,15
5399,15
5400,15
5401,15
5401,15
5401,15
5401,15
5402,15
5403,15
5403,15
5403,15
5404,15
5405,15
5406,15
5407,15
5408,15
5408,15
5408,15
5409,15
5410,15
5411,15
5412,15
5413,15
5414,15
5415,15
5415,15
5415,15
5415,15
5415,15
5415,15
5415,15
5416,15
5417,15
5417,15
5417,15
5418,15
5418,15
5418,15
5419,15
5420,15
5420,15
5421,15
5422,15
5422,15
5422,15
5422,15
5422,15
5422,15
5423,15
5424,15
5424,15
5424,15
5425,15
5426,15
5427,15
5427,15
5428,15
5428,15
5429,15
5430,15
5431,15
5432,15
5433,15
5433,15
5433,15
5433,15
5433,15
5434,15
5434,15
5434,15
5434,15
5434,15
5435,15
5436,15
5437,15
5438,15
5439,15
5440,15
5440,15
5440,15
5441,15
5441,15
5441,15
5442,15
5442,15
5443,15
5444,15
5445,15
5445,15
5446,15
5446,15
5446,15
5446,15
5446,15
5446,15
5446,15
5447,15
5447,15
5447,15
5447,15
5447,15
5447,15
5448,15
5449,15
5450,15
5451,15
5452,15
5452,15
5452,15
5452,15
5453,15
5454,15
5455,15
5455,15
5455,15
5456,15
5456,15
5457,15
5458,15
5459,15
5459,15
5459,15
5460,15
5460,15
5461,15
5462,15
5462,15
5462,15
5463,15
5464,15
5465,15
5466,15
5467,15
5468,15
5468,15
5468,15
5469,15
5469,15
5470,15
5471,15
5472,15
5473,15
5473,15
5473,15
5473,15
5473,15
5473,15
5474,15
5475,15
5475,15
5476,15
5477,15
5478,15
5478,15
5478,15
5479,15
5480,15
5480,15
5480,15
5481,15
5482,15
5482,15
5483,15
5484,15
5485,15
5486,15
5486,15
5487,15
5488,15
5488,15
5489,15
5490,15
5490,15
5491,15
5492,15
5492,15
5493,15
5494,15
5495,15
5495,15
5495,15
5495,15
5495,15
5495,15
5495,15
5495,15
5495,15
5495,15
5495,15
5495,15
5495,15
5495,15
5495,15
5496,15
5496,15
5497,15
5497,15
5498,15
5499,15
5499,15
5499,15
5499,15
5500,15
5501,15
5502,15
5503,15
5503,15
5504,15
5504,15
5504,15
5504,15
5504,15
5504,15
5504,15
5505,15
5505,15
5506,15
5506,15
5507,15
5507,15
5507,15
5508,15
5508,15
5508,15
5509,15
5510,15
5511,15
5511,15
5512,15
5512,15
5512,15
5512,15
5512,15
5512,15
5513,15
5514,15
5514,15
5514,15
5514,15
5515,15
5515,15
5515,15
5516,15
5517,15
5518,15
5518,15
5518,15
5518,15
5519,15
5520,15
5520,15
5520,15
5521,15
5522,15
5522,15
5523,15
5523,15
5524,15
5525,15
5526,15
5526,15
5527,15
5528,15
5528,15
5529,15
5530,15
5530,15
5530,15
5530,15
5530,15
5530,15
5530,15
5530,15
5530,15
5530,15
5530,15
5531,15
5531,15
5531,15
5531,15
5531,15
5532,15
5532,15
5533,15
5533,15
5533,15
5533,15
5533,15
5534,15
5535,15
5535,15
5535,15
5536,15
5537,15
5537,15
5538,15
5539,15
5539,15
5540,15
5540,15
5541,15
5541,15
5541,15
5541,15
5542,15
5543,15
5543,15
5544,15
5545,15
5546,15
5547,15
5548,15
5549,15
5549,15
5549,15
5549,15
5549,15
5549,15
5549,15
5550,15
5550,15
5550,15
5550,15
5550,15
5550,15
5550,15
5550,15
5551,15
5551,15
5551,15
5552,15
5553,15
5553,15
5554,15
5554,15
5554,15
5555,15
5556,15
5557,15
5557,15
5558,15
5559,15
5560,15
5560,15
5561,15
5561,15
5561,15
5562,15
5562,15
5563,15
5563,15
5563,15
5563,15
5563,15
5563,15
5563,15
5564,15
5565,15
5565,15
5565,15
5565,15
5565,15
5566,15
5566,15
5567,15
5567,15
5568,15
5568,15
5569,15
5570,15
5571,15
5571,15
5572,15
5573,15
5573,15
5573,15
5574,15
5574,15
5575,15
5575,15
5576,15
5577,15
5578,15
5578,15
5578,15
5579,15
5580,15
5580,15
5581,15
5581,15
5582,15
5582,15
5582,15
5582,15
5583,15
5583,15
5584,15
5584,15
5585,15
5585,15
5585,15
5586,15
5587,15
5588,15
5589,15
5589,15
5589,15
5589,15
5590,15
5590,15
5591,15
5591,15
5592,15
5592,15
5592,15
5592,15
5593,15
5594,15
5595,15
5596,15
5597,15
5597,15
5597,15
5598,15
5598,15
5598,15
5598,15
5598,15
5598,15
5599,15
5599,15
5600,15
5600,15
5600,15
5601,15
5601,15
5601,15
5601,15
5602,15
5602,15
5603,15
5603,15
5604,15
5605,15
5605,15
5606,15
5607,15
5608,15
5608,15
5608,15
5608,15
5609,15
5610,15
5610,15
5611,15
5611,15
5611,15
5612,15
5613,15
5613,15
5613,15
5613,15
5614,15
5615,15
5615,15
5615,15
5615,15
5615,15
5616,15
5616,15
5617,15
5617,15
5617,15
5618,15
5618,15
5619,15
5619,15
5620,15
5621,15
5621,15
5622,15
5622,15
5622,15
5622,15
5622,15
5622,15
5622,15
5623,15
5623,15
5624,15
5624,15
5625,15
5625,15
5625,15
5626,15
5626,15
5626,15
5626,15
5626,15
5626,15
5627,15
5628,15
5628,15
5628,15
5628,15
5629,15
5629,15
5630,15
5630,15
5630,15
5631,15
5632,15
5632,15
5632,15
5632,15
5632,15
5632,15
5632,15
5632,15
5632,15
5632,15
5633,15
5633,15
5634,15
5635,15
5635,15
5636,15
5637,15
5637,15
5638,15
5638,15
5638,15
5638,15
5639,15
5640,15
5640,15
5640,15
5641,15
5642,15
5642,15
5642,15
5642,15
5643,15
5643,15
5643,15
5643,15
5644,15
5645,15
5645,15
5645,15
5645,15
5646,15
5647,15
5648,15
5648,15
5648,15
5648,15
5648,15
5649,15
5650,15
5650,15
5651,15
5652,15
5652,15
5653,15
5653,15
5653,15
5654,15
5655,15
5655,15
5655,15
5656,15
5657,15
5657,15
5657,15
5658,15
5658,15
5658,15
5658,15
5658,15
5658,15
5659,15
5660,15
5660,15
5660,15
5661,15
5661,15
5661,15
5661,15
5661,15
5661,15
5661,15
5662,15
5663,15
5664,15
5665,15
5665,15
5665,15
5665,15
5666,15
5667,15
5667,15
5667,15
5668,15
5668,15
5669,15
5670,15
5671,15
5671,15
5671,15
5671,15
5671,15
5672,15
5672,15
5672,15
5673,15
5673,15
5673,15
5673,15
5673,15
5673,15
5673,15
5674,15
5675,15
5675,15
5675,15
5676,15
5676,15
5677,15
5677,15
5678,15
5679,15
5680,15
5681,15
5681,15
5681,15
5681,15
5681,15
5682,15
5683,15
5683,15
5684,15
5685,15
5685,15
5686,15
5686,15
5686,15
5686,15
5686,15
5686,15
5686,15
5686,15
5686,15
5686,15
5686,15
5686,15
5687,15
5688,15
5689,15
5689,15
5690,15
5690,15
5690,15
5690,15
5691,15
5692,15
5692,15
5693,15
5693,15
5694,15
5695,15
5696,15
5697,15
5698,15
5698,15
5699,15
5700,15
5701,15
5701,15
5702,15
5702,15
5702,15
5702,15
5702,15
5703,15
5703,15
5703,15
5704,15
5705,15
5705,15
5705,15
5705,15
5705,15
5705,15
5706,15
5706,15
5706,15
5706,15
5706,15
5707,15
5708,15
5708,15
5709,15
5709,15
5709,15
5710,15
5710,15
5710,15
5711,15
5711,15
5711,15
5712,15
5712,15
5713,15
5713,15
5713,15
5713,15
5714,15
5714,15
5714,15
5715,15
5716,15
5716,15
5716,15
5717,15
5717,15
5717,15
5718,15
5718,15
5718,15
5719,15
5719,15
5719,15
5720,15
5720,15
5721,15
5722,15
5723,15
5724,15
5725,15
5725,15
5726,15
5726,15
5726,15
5727,15
5727,15
5728,15
5728,15
5728,15
5729,15
5729,15
5729,15
5729,15
5730,15
5730,15
5730,15
5731,15
5731,15
5731,15
5731,15
5732,15
5733,15
5733,15
5734,15
5734,15
5734,15
5734,15
5734,15
5735,15
5735,15
5735,15
5735,15
5736,15
5736,15
5736,15
5736,15
5737,15
5738,15
5738,15
5738,15
5738,15
5739,15
5740,15
5740,15
5740,15
5741,15
5742,15
5742,15
5742,15
5743,15
5743,15
5744,15
5745,15
5745,15
5745,15
5745,15
5745,15
5746,15
5746,15
5746,15
5747,15
5748,15
5748,15
5749,15
5750,15
5750,15
5751,15
5752,15
5752,15
5752,15
5752,15
5753,15
5753,15
5753,15
5753,15
5754,15
5755,15
5755,15
5756,15
5757,15
5757,15
5757,15
5757,15
5758,15
5758,15
5758,15
5758,15
5758,15
5758,15
5758,15
5759,15
5760,15
5761,15
5762,15
5763,15
5763,15
5763,15
5763,15
5763,15
5764,15
5764,15
5765,15
5765,15
5766,15
5766,15
5767,15
5768,15
5768,15
5768,15
5769,15
5769,15
5770,15
5771,15
5772,15
5772,15
5772,15
5773,15
5774,15
5774,15
5775,15
5776,15
5776,15
5776,15
5776,15
5776,15
5777,15
5778,15
5779,15
5780,15
5780,15
5781,15
5782,15
5783,15
5783,15
5783,15
5784,15
5785,15
5785,15
5785,15
5786,15
5786,15
5786,15
5787,15
5787,15
5788,15
5788,15
5788,15
5789,15
5790,15
5791,15
5791,15
5792,15
5792,15
5793,15
5793,15
5793,15
5794,15
5794,15
5795,15
5796,15
5796,15
5797,15
5798,15
5799,15
5799,15
5799,15
5799,15
5799,15
5799,15
5799,15
5799,15
5799,15
5799,15
5799,15
5799,15
5799,15
5800,15
5800,15
5801,15
5801,15
5802,15
5803,15
5804,15
5805,15
5806,15
5806,15
5807,15
5807,15
5808,15
5808,15
5809,15
5810,15
5811,15
5811,15
5812,15
5812,15
5812,15
5813,15
5813,15
5813,15
5813,15
5813,15
5813,15
5814,15
5814,15
5814,15
5814,15
5814,15
5814,15
5815,15
5815,15
5816,15
5816,15
5816,15
5816,15
5817,15
5817,15
5818,15
5819,15
5819,15
5819,15
5820,15
5820,15
5821,15
5822,15
5823,15
5824,15
5824,15
5824,15
5824,15
5825,15
5825,15
5826,15
5826,15
5826,15
5826,15
5827,15
5828,15
5828,15
5828,15
5828,15
5829,15
5830,15
5831,15
5832,15
5833,15
5834,15
5834,15
5834,15
5835,15
5835,15
5836,15
5836,15
5836,15
5837,15
5837,15
5838,15
5838,15
5838,15
5838,15
5838,15
5839,15
5840,15
5841,15
5842,15
5843,15
5844,15
5844,15
5845,15
5846,15
5846,15
5847,15
5847,15
5847,15
5847,15
5847,15
5848,15
5848,15
5848,15
5848,15
5849,15
5849,15
5849,15
5850,15
5850,15
5851,15
5851,15
5851,15
5852,15
5852,15
5853,15
5853,15
5853,15
5854,15
5854,15
5854,15
5855,15
5856,15
5857,15
5857,15
5858,15
5859,15
5859,15
5859,15
5859,15
5860,15
5860,15
5860,15
5861,15
5861,15
5862,15
5862,15
5862,15
5862,15
5862,15
5863,15
5863,15
5864,15
5865,15
5866,15
5866,15
5867,15
5868,15
5868,15
5869,15
5870,15
5870,15
5870,15
5870,15
5871,15
5871,15
5872,15
5872,15
5873,15
5873,15
5874,15
5875,15
5876,15
5877,15
5877,15
5877,15
5877,15
5877,15
5877,15
5877,15
5877,15
5877,15
5878,15
5879,15
5879,15
5879,15
5879,15
5880,15
5881,15
5881,15
5881,15
5881,15
5881,15
5882,15
5883,15
5883,15
5884,15
5885,15
5885,15
5885,15
5885,15
5885,15
5886,15
5886,15
5886,15
5886,15
5887,15
5887,15
5887,15
5887,15
5888,15
5888,15
5888,15
5888,15
5889,15
5889,15
5889,15
5890,15
5891,15
5891,15
5891,15
5892,15
5893,15
5894,15
5894,15
5894,15
5894,15
5894,15
5894,15
5895,15
5896,15
5897,15
5897,15
5897,15
5897,15
5898,15
5898,15
5899,15
5900,15
5901,15
5902,15
5902,15
5903,15
5903,15
5903,15
5903,15
5903,15
5904,15
5904,15
5904,15
5904,15
5904,15
5904,15
5905,15
5906,15
5906,15
5906,15
5906,15
5907,15
5907,15
5907,15
5908,15
5909,15
5910,15
5911,15
5912,15
5912,15
5912,15
5912,15
5912,15
5912,15
5913,15
5913,15
5914,15
5915,15
5916,15
5917,15
5917,15
5917,15
5917,15
5918,15
5919,15
5919,15
5920,15
5920,15
5920,15
5921,15
5921,15
5921,15
5922,15
5923,15
5924,15
5924,15
5925,15
5926,15
5926,15
5927,15
5928,15
5928,15
5928,15
5929,15
5930,15
5931,15
5932,15
5932,15
5932,15
5932,15
5932,15
5932,15
5933,15
5933,15
5933,15
5933,15
5933,15
5933,15
5933,15
5933,15
5934,15
5935,15
5936,15
5937,15
5937,15
5937,15
5937,15
5938,15
5938,15
5938,15
5938,15
5939,15
5940,15
5940,15
5941,15
5942,15
5943,15
5944,15
5945,15
5946,15
5947,15
5948,15
5948,15
5948,15
5948,15
5948,15
5948,15
5948,15
5948,15
5949,15
5950,15
5951,15
5952,15
5952,15
5953,15
5954,15
5955,15
5955,15
5955,15
5956,15
5957,15
5958,15
5959,15
5959,15
5959,15
5959,15
5960,15
5961,15
5961,15
5961,15
5961,15
5961,15
5962,15
5963,15
5964,15
5965,15
5965,15
5965,15
5966,15
5966,15
5966,15
5966,15
5967,15
5967,15
5967,15
5968,15
5968,15
5968,15
5968,15
5968,15
5968,15
5969,15
5970,15
5971,15
5972,15
5973,15
5973,15
5973,15
5973,15
5973,15
5973,15
5974,15
5974,15
5975,15
5976,15
5977,15
5977,15
5978,15
5978,15
5979,15
5980,15
5981,15
5981,15
5981,15
5982,15
5983,15
5984,15
5985,15
5986,15
5986,15
5987,15
5988,15
5989,15
5990,15
5990,15
5990,15
5991,15
5991,15
5991,15
5992,15
5993,15
5994,15
5995,15
5995,15
5995,15
5995,15
5995,15
5995,15
5995,15
5995,15
5996,15
5996,15
5996,15
5996,15
5997,15
5998,15
5998,15
5998,15
5998,15
5998,15
5998,15
5998,15
5999,15
6000,15
6000,15
6000,15
6000,15
6000,15
6001,15
6001,15
6001,15
6001,15
6001,15
6002,15
6002,15
6002,15
6002,15
6002,15
6003,15
6003,15
6004,15
6005,15
6006,15
6007,15
6007,15
6007,15
6007,15
6007,15
6008,15
6009,15
6010,15
6010,15
6011,15
6011,15
6012,15
6012,15
6012,15
6012,15
6013,15
6014,15
6015,15
6015,15
6016,15
6016,15
6016,15
6016,15
6016,15
6016,15
6016,15
6017,15
6018,15
6018,15
6018,15
6018,15
6018,15
6018,15
6018,15
6019,15
6020,15
6021,15
6021,15
6022,15
6022,15
6022,15
6023,15
6023,15
6023,15
6023,15
6023,15
6023,15
6024,15
6024,15
6024,15
6024,15
6024,15
6024,15
6024,15
6024,15
6024,15
6024,15
6024,15
6024,15
6024,15
6025,15
6025,15
6025,15
6026,15
6027,15
6028,15
6028,15
6028,15
6029,15
6029,15
6030,15
6030,15
6030,15
6030,15
6030,15
6030,15
6031,15
6031,15
6031,15
6031,15
6031,15
6031,15
6031,15
6032,15
6032,15
6033,15
6033,15
6033,15
6034,15
6034,15
6034,15
6034,15
6034,15
6035,15
6036,15
6036,15
6037,15
6038,15
6038,15
6039,15
6040,15
6040,15
6040,15
6041,15
6041,15
6042,15
6043,15
6043,15
6043,15
6043,15
6044,15
6044,15
6045,15
6046,15
6046,15
6046,15
6046,15
6046,15
6047,15
6047,15
6048,15
6048,15
6048,15
6048,15
6049,15
6050,15
6051,15
6052,15
6053,15
6054,15
6054,15
6055,15
6055,15
6055,15
6055,15
6055,15
6055,15
6055,15
6055,15
6055,15
6055,15
6055,15
6055,15
6056,15
6056,15
6056,15
6057,15
6057,15
6057,15
6057,15
6057,15
6058,15
6058,15
6058,15
6058,15
6058,15
6059,15
6060,15
6060,15
6060,15
6060,15
6061,15
6062,15
6062,15
6062,15
6063,15
6064,15
6064,15
6064,15
6064,15
6064,15
6064,15
6064,15
6064,15
6065,15
6066,15
6066,15
6066,15
6066,15
6067,15
6068,15
6069,15
6070,15
6071,15
6071,15
6072,15
6072,15
6073,15
6073,15
6073,15
6074,15
6074,15
6075,15
6075,15
6075,15
6075,15
6076,15
6076,15
6076,15
6077,15
6077,15
6077,15
6078,15
6078,15
6078,15
6079,15
6080,15
6081,15
6082,15
6082,15
6082,15
6083,15
6083,15
6083,15
6083,15
6083,15
6084,15
6084,15
6085,15
6086,15
6086,15
6086,15
6086,15
6087,15
6087,15
6088,15
6089,15
6090,15
6090,15
6090,15
6091,15
6091,15
6092,15
6093,15
6093,15
6093,15
6094,15
6095,15
6096,15
6096,15
6097,15
6097,15
6097,15
6098,15
6098,15
6098,15
6098,15
6098,15
6098,15
6099,15
6099,15
6099,15
6100,15
6101,15
6101,15
6102,15
6102,15
6103,15
6104,15
6105,15
6105,15
6106,15
6106,15
6106,15
6106,15
6106,15
6107,15
6108,15
6108,15
6108,15
6108,15
6108,15
6108,15
6108,15
6108,15
6108,15
6108,15
6108,15
6108,15
6109,15
6110,15
6111,15
6112,15
6113,15
6113,15
6114,15
6114,15
6114,15
6114,15
6114,15
6114,15
6114,15
6114,15
6115,15
6115,15
6115,15
6116,15
6116,15
6116,15
6116,15
6116,15
6116,15
6116,15
6117,15
6117,15
6117,15
6117,15
6117,15
6117,15
6117,15
6118,15
6118,15
6119,15
6120,15
6120,15
6120,15
6121,15
6121,15
6121,15
6121,15
6122,15
6122,15
6122,15
6122,15
6123,15
6123,15
6124,15
6124,15
6124,15
6124,15
6125,15
6126,15
6126,15
6126,15
6127,15
6127,15
6128,15
6128,15
6128,15
6128,15
6129,15
6129,15
6130,15
6130,15
6130,15
6131,15
6132,15
6132,15
6132,15
6132,15
6132,15
6132,15
6132,15
6133,15
6133,15
6133,15
6133,15
6133,15
6133,15
6134,15
6135,15
6135,15
6135,15
6136,15
6137,15
6137,15
6137,15
6137,15
6137,15
6137,15
6138,15
6138,15
6139,15
6139,15
6140,15
6141,15
6141,15
6142,15
6143,15
6143,15
6143,15
6143,15
6144,15
6144,15
6144,15
6145,15
6146,15
6147,15
6148,15
6148,15
6148,15
6148,15
6149,15
6149,15
6150,15
6151,15
6152,15
6152,15
6152,15
6152,15
6152,15
6152,15
6153,15
6153,15
6154,15
6155,15
6156,15
6156,15
6157,15
6157,15
6158,15
6158,15
6159,15
6159,15
6160,15
6161,15
6161,15
6161,15
6161,15
6162,15
6163,15
6163,15
6164,15
6165,15
6165,15
6165,15
6165,15
6166,15
6167,15
6168,15
6168,15
6169,15
6170,15
6170,15
6170,15
6171,15
6171,15
6171,15
6171,15
6171,15
6172,15
6172,15
6173,15
6173,15
6173,15
6173,15
6173,15
6174,15
6174,15
6175,15
6175,15
6176,15
6177,15
6177,15
6177,15
6178,15
6179,15
6180,15
6181,15
6181,15
6181,15
6181,15
6182,15
6182,15
6183,15
6183,15
6183,15
6184,15
6184,15
6185,15
6186,15
6186,15
6186,15
6186,15
6187,15
6187,15
6188,15
6189,15
6189,15
6190,15
6190,15
6190,15
6190,15
6190,15
6190,15
6191,15
6191,15
6192,15
6192,15
6192,15
6193,15
6193,15
6193,15
6193,15
6193,15
6194,15
6195,15
6195,15
6196,15
6196,15
6197,15
6198,15
6199,15
6199,15
6200,15
6200,15
6200,15
6200,15
6200,15
6200,15
6200,15
6201,15
6201,15
6201,15
6202,15
6202,15
6202,15
6202,15
6202,15
6202,15
6202,15
6202,15
6202,15
6202,15
6202,15
6202,15
6203,15
6203,15
6203,15
6204,15
6204,15
6205,15
6205,15
6205,15
6206,15
6207,15
6207,15
6207,15
6207,15
6208,15
6208,15
6208,15
6209,15
6209,15
6209,15
6209,15
6210,15
6210,15
6210,15
6210,15
6210,15
6210,15
6210,15
6210,15
6210,15
6210,15
6211,15
6212,15
6212,15
6213,15
6213,15
6214,15
6215,15
6216,15
6216,15
6217,15
6217,15
6217,15
6217,15
6217,15
6217,15
6217,15
6217,15
6217,15
6218,15
6218,15
6218,15
6218,15
6218,15
6218,15
6218,15
6218,15
6218,15
6218,15
6218,15
6218,15
6218,15
6219,15
6219,15
6219,15
6219,15
6219,15
6219,15
6219,15
6219,15
6220,15
6221,15
6222,15
6223,15
6224,15
6224,15
6224,15
6225,15
6225,15
6226,15
6227,15
6227,15
6228,15
6229,15
6230,15
6231,15
6231,15
6232,15
6232,15
6232,15
6233,15
6233,15
6233,15
6233,15
6234,15
6234,15
6234,15
6234,15
6234,15
6234,15
6235,15
6236,15
6236,15
6237,15
6237,15
6237,15
6238,15
6238,15
6238,15
6238,15
6238,15
6238,15
6238,15
6238,15
6239,15
6240,15
6240,15
6240,15
6240,15
6241,15
6241,15
6241,15
6241,15
6241,15
6241,15
6242,15
6242,15
6243,15
6244,15
6245,15
6245,15
6245,15
6246,15
6246,15
6246,15
6247,15
6248,15
6248,15
6248,15
6248,15
6248,15
6248,15
6249,15
6249,15
6250,15
6251,15
6252,15
6252,15
6252,15
6253,15
6253,15
6254,15
6255,15
6256,15
6257,15
6257,15
6257,15
6257,15
6257,15
6258,15
6258,15
6258,15
6259,15
6259,15
6260,15
6260,15
6261,15
6261,15
6261,15
6261,15
6261,15
6261,15
6262,15
6262,15
6262,15
6263,15
6264,15
6265,15
6266,15
6267,15
6268,15
6268,15
6268,15
6268,15
6268,15
6268,15
6269,15
6270,15
6271,15
6271,15
6271,15
6271,15
6272,15
6272,15
6272,15
6273,15
6273,15
6274,15
6274,15
6274,15
6274,15
6275,15
6275,15
6276,15
6276,15
6276,15
6276,15
6277,15
6277,15
6277,15
6277,15
6278,15
6278,15
6279,15
6279,15
6280,15
6280,15
6280,15
6280,15
6281,15
6281,15
6281,15
6281,15
6281,15
6281,15
6282,15
6282,15
6282,15
6282,15
6283,15
6284,15
6285,15
6286,15
6287,15
6287,15
6288,15
6288,15
6289,15
6289,15
6289,15
6290,15
6290,15
6290,15
6290,15
6290,15
6291,15
6291,15
6291,15
6291,15
6291,15
6292,15
6292,15
6293,15
6293,15
6293,15
6293,15
6293,15
6293,15
6293,15
6294,15
6294,15
6295,15
6295,15
6295,15
6296,15
6297,15
6298,15
6299,15
6300,15
6300,15
6300,15
6300,15
6301,15
6301,15
6301,15
6301,15
6301,15
6302,15
6303,15
6304,15
6305,15
6306,15
6306,15
6306,15
6307,15
6307,15
6307,15
6308,15
6308,15
6308,15
6308,15
6308,15
6308,15
6308,15
6309,15
6309,15
6310,15
6310,15
6311,15
6311,15
6311,15
6311,15
6312,15
6312,15
6312,15
6313,15
6313,15
6314,15
6314,15
6314,15
6314,15
6314,15
6314,15
6314,15
6314,15
6315,15
6316,15
6317,15
6318,15
6318,15
6318,15
6319,15
6319,15
6320,15
6321,15
6322,15
6322,15
6322,15
6322,15
6323,15
6323,15
6323,15
6323,15
6323,15
6323,15
6324,15
6325,15
6325,15
6326,15
6327,15
6328,15
6328,15
6328,15
6329,15
6329,15
6329,15
6330,15
6331,15
6332,15
6333,15
6333,15
6333,15
6333,15
6333,15
6334,15
6334,15
6334,15
6334,15
6334,15
6334,15
6334,15
6334,15
6334,15
6335,15
6336,15
6336,15
6336,15
